,province,city,lat,lng,3166-2_code,avg_gas_price,avg_wti_price,Date
0,Newfoundland and Labrador,St. John's,47.4817,-52.7971,CA-NL,120.3,63.58708333333333,Jan-2018
1,Newfoundland and Labrador,St. John's,47.4817,-52.7971,CA-NL,121.8,62.17095238095238,Feb-2018
2,Newfoundland and Labrador,St. John's,47.4817,-52.7971,CA-NL,122.1,62.77190476190477,Mar-2018
3,Newfoundland and Labrador,St. John's,47.4817,-52.7971,CA-NL,131.0,66.32523809523809,Apr-2018
4,Newfoundland and Labrador,St. John's,47.4817,-52.7971,CA-NL,137.1,69.75166666666667,May-2018
5,Newfoundland and Labrador,St. John's,47.4817,-52.7971,CA-NL,134.3,67.32285714285715,Jun-2018
6,Newfoundland and Labrador,St. John's,47.4817,-52.7971,CA-NL,134.9,70.74318181818181,Jul-2018
7,Newfoundland and Labrador,St. John's,47.4817,-52.7971,CA-NL,132.5,67.84521739130435,Aug-2018
8,Newfoundland and Labrador,St. John's,47.4817,-52.7971,CA-NL,131.2,70.07857142857144,Sep-2018
9,Newfoundland and Labrador,St. John's,47.4817,-52.7971,CA-NL,131.2,70.75782608695653,Oct-2018
10,Newfoundland and Labrador,St. John's,47.4817,-52.7971,CA-NL,118.6,56.57181818181818,Nov-2018
11,Newfoundland and Labrador,St. John's,47.4817,-52.7971,CA-NL,109.7,48.705714285714286,Dec-2018
12,Newfoundland and Labrador,St. John's,47.4817,-52.7971,CA-NL,107.3,51.51416666666666,Jan-2019
13,Newfoundland and Labrador,St. John's,47.4817,-52.7971,CA-NL,113.1,55.10619047619048,Feb-2019
14,Newfoundland and Labrador,St. John's,47.4817,-52.7971,CA-NL,122.8,58.16809523809523,Mar-2019
15,Newfoundland and Labrador,St. John's,47.4817,-52.7971,CA-NL,131.6,63.87095238095238,Apr-2019
16,Newfoundland and Labrador,St. John's,47.4817,-52.7971,CA-NL,131.1,60.70708333333334,May-2019
17,Newfoundland and Labrador,St. John's,47.4817,-52.7971,CA-NL,120.2,54.706500000000005,Jun-2019
18,Newfoundland and Labrador,St. John's,47.4817,-52.7971,CA-NL,128.3,57.51391304347826,Jul-2019
19,Newfoundland and Labrador,St. John's,47.4817,-52.7971,CA-NL,123.4,54.84409090909091,Aug-2019
20,Newfoundland and Labrador,St. John's,47.4817,-52.7971,CA-NL,121.4,56.76363636363636,Sep-2019
21,Newfoundland and Labrador,St. John's,47.4817,-52.7971,CA-NL,121.2,54.00565217391305,Oct-2019
22,Newfoundland and Labrador,St. John's,47.4817,-52.7971,CA-NL,122.0,57.118095238095236,Nov-2019
23,Newfoundland and Labrador,St. John's,47.4817,-52.7971,CA-NL,121.9,59.86772727272727,Dec-2019
24,Newfoundland and Labrador,St. John's,47.4817,-52.7971,CA-NL,123.6,57.809583333333336,Jan-2020
25,Newfoundland and Labrador,St. John's,47.4817,-52.7971,CA-NL,120.2,50.70761904761904,Feb-2020
26,Newfoundland and Labrador,St. John's,47.4817,-52.7971,CA-NL,101.4,30.44545454545454,Mar-2020
27,Newfoundland and Labrador,St. John's,47.4817,-52.7971,CA-NL,81.3,16.69904761904762,Apr-2020
28,Newfoundland and Labrador,St. John's,47.4817,-52.7971,CA-NL,91.5,28.97136363636364,May-2020
29,Newfoundland and Labrador,St. John's,47.4817,-52.7971,CA-NL,102.9,38.31363636363636,Jun-2020
30,Newfoundland and Labrador,St. John's,47.4817,-52.7971,CA-NL,107.2,40.74478260869565,Jul-2020
31,Newfoundland and Labrador,St. John's,47.4817,-52.7971,CA-NL,106.7,42.38809523809524,Aug-2020
32,Newfoundland and Labrador,St. John's,47.4817,-52.7971,CA-NL,106.6,39.56913043478261,Sep-2020
33,Newfoundland and Labrador,St. John's,47.4817,-52.7971,CA-NL,110.3,39.554545454545455,Oct-2020
34,Newfoundland and Labrador,St. John's,47.4817,-52.7971,CA-NL,112.0,41.51952380952381,Nov-2020
35,Newfoundland and Labrador,St. John's,47.4817,-52.7971,CA-NL,117.0,47.06818181818182,Dec-2020
36,Newfoundland and Labrador,St. John's,47.4817,-52.7971,CA-NL,124.8,52.11904761904762,Jan-2021
37,Newfoundland and Labrador,St. John's,47.4817,-52.7971,CA-NL,130.8,59.17238095238095,Feb-2021
38,Newfoundland and Labrador,St. John's,47.4817,-52.7971,CA-NL,141.6,62.35739130434783,Mar-2021
39,Newfoundland and Labrador,St. John's,47.4817,-52.7971,CA-NL,141.2,61.703809523809525,Apr-2021
40,Newfoundland and Labrador,St. John's,47.4817,-52.7971,CA-NL,143.5,65.30409090909092,May-2021
41,Newfoundland and Labrador,St. John's,47.4817,-52.7971,CA-NL,145.0,71.35272727272728,Jun-2021
42,Newfoundland and Labrador,St. John's,47.4817,-52.7971,CA-NL,153.4,72.71434782608696,Jul-2021
43,Newfoundland and Labrador,St. John's,47.4817,-52.7971,CA-NL,151.9,67.71136363636364,Aug-2021
44,Newfoundland and Labrador,St. John's,47.4817,-52.7971,CA-NL,153.8,71.30391304347826,Sep-2021
45,Newfoundland and Labrador,St. John's,47.4817,-52.7971,CA-NL,160.2,81.22285714285715,Oct-2021
46,Newfoundland and Labrador,St. John's,47.4817,-52.7971,CA-NL,159.1,78.59727272727274,Nov-2021
47,Newfoundland and Labrador,St. John's,47.4817,-52.7971,CA-NL,151.7,71.69,Dec-2021
48,Newfoundland and Labrador,St. John's,47.4817,-52.7971,CA-NL,159.2,83.05,Jan-2022
49,Newfoundland and Labrador,St. John's,47.4817,-52.7971,CA-NL,170.9,91.67714285714284,Feb-2022
50,Newfoundland and Labrador,St. John's,47.4817,-52.7971,CA-NL,187.8,108.26217391304348,Mar-2022
51,Newfoundland and Labrador,St. John's,47.4817,-52.7971,CA-NL,189.9,101.6405,Apr-2022
52,Newfoundland and Labrador,St. John's,47.4817,-52.7971,CA-NL,215.5,109.89869565217391,May-2022
53,Newfoundland and Labrador,St. John's,47.4817,-52.7971,CA-NL,219.7,113.86521739130436,Jun-2022
54,Newfoundland and Labrador,St. John's,47.4817,-52.7971,CA-NL,200.4,100.28545454545456,Jul-2022
55,Newfoundland and Labrador,St. John's,47.4817,-52.7971,CA-NL,184.3,91.48260869565217,Aug-2022
56,Newfoundland and Labrador,St. John's,47.4817,-52.7971,CA-NL,166.8,84.2195652173913,Sep-2022
57,Newfoundland and Labrador,St. John's,47.4817,-52.7971,CA-NL,180.1,87.03095238095237,Oct-2022
58,Newfoundland and Labrador,St. John's,47.4817,-52.7971,CA-NL,181.2,84.09363636363636,Nov-2022
59,Newfoundland and Labrador,St. John's,47.4817,-52.7971,CA-NL,157.8,76.91083333333333,Dec-2022
60,Nova Scotia,Halifax,44.6475,-63.5906,CA-NS,115.2,63.58708333333333,Jan-2018
61,Nova Scotia,Halifax,44.6475,-63.5906,CA-NS,114.1,62.17095238095238,Feb-2018
62,Nova Scotia,Halifax,44.6475,-63.5906,CA-NS,114.0,62.77190476190477,Mar-2018
63,Nova Scotia,Halifax,44.6475,-63.5906,CA-NS,124.2,66.32523809523809,Apr-2018
64,Nova Scotia,Halifax,44.6475,-63.5906,CA-NS,130.4,69.75166666666667,May-2018
65,Nova Scotia,Halifax,44.6475,-63.5906,CA-NS,125.5,67.32285714285715,Jun-2018
66,Nova Scotia,Halifax,44.6475,-63.5906,CA-NS,126.2,70.74318181818181,Jul-2018
67,Nova Scotia,Halifax,44.6475,-63.5906,CA-NS,124.0,67.84521739130435,Aug-2018
68,Nova Scotia,Halifax,44.6475,-63.5906,CA-NS,123.5,70.07857142857144,Sep-2018
69,Nova Scotia,Halifax,44.6475,-63.5906,CA-NS,122.6,70.75782608695653,Oct-2018
70,Nova Scotia,Halifax,44.6475,-63.5906,CA-NS,108.0,56.57181818181818,Nov-2018
71,Nova Scotia,Halifax,44.6475,-63.5906,CA-NS,99.9,48.705714285714286,Dec-2018
72,Nova Scotia,Halifax,44.6475,-63.5906,CA-NS,99.0,51.51416666666666,Jan-2019
73,Nova Scotia,Halifax,44.6475,-63.5906,CA-NS,103.2,55.10619047619048,Feb-2019
74,Nova Scotia,Halifax,44.6475,-63.5906,CA-NS,116.6,58.16809523809523,Mar-2019
75,Nova Scotia,Halifax,44.6475,-63.5906,CA-NS,127.6,63.87095238095238,Apr-2019
76,Nova Scotia,Halifax,44.6475,-63.5906,CA-NS,125.8,60.70708333333334,May-2019
77,Nova Scotia,Halifax,44.6475,-63.5906,CA-NS,110.9,54.706500000000005,Jun-2019
78,Nova Scotia,Halifax,44.6475,-63.5906,CA-NS,119.9,57.51391304347826,Jul-2019
79,Nova Scotia,Halifax,44.6475,-63.5906,CA-NS,114.2,54.84409090909091,Aug-2019
80,Nova Scotia,Halifax,44.6475,-63.5906,CA-NS,112.5,56.76363636363636,Sep-2019
81,Nova Scotia,Halifax,44.6475,-63.5906,CA-NS,112.9,54.00565217391305,Oct-2019
82,Nova Scotia,Halifax,44.6475,-63.5906,CA-NS,113.7,57.118095238095236,Nov-2019
83,Nova Scotia,Halifax,44.6475,-63.5906,CA-NS,112.3,59.86772727272727,Dec-2019
84,Nova Scotia,Halifax,44.6475,-63.5906,CA-NS,112.4,57.809583333333336,Jan-2020
85,Nova Scotia,Halifax,44.6475,-63.5906,CA-NS,107.5,50.70761904761904,Feb-2020
86,Nova Scotia,Halifax,44.6475,-63.5906,CA-NS,85.4,30.44545454545454,Mar-2020
87,Nova Scotia,Halifax,44.6475,-63.5906,CA-NS,67.9,16.69904761904762,Apr-2020
88,Nova Scotia,Halifax,44.6475,-63.5906,CA-NS,78.2,28.97136363636364,May-2020
89,Nova Scotia,Halifax,44.6475,-63.5906,CA-NS,89.8,38.31363636363636,Jun-2020
90,Nova Scotia,Halifax,44.6475,-63.5906,CA-NS,96.1,40.74478260869565,Jul-2020
91,Nova Scotia,Halifax,44.6475,-63.5906,CA-NS,94.7,42.38809523809524,Aug-2020
92,Nova Scotia,Halifax,44.6475,-63.5906,CA-NS,94.2,39.56913043478261,Sep-2020
93,Nova Scotia,Halifax,44.6475,-63.5906,CA-NS,94.1,39.554545454545455,Oct-2020
94,Nova Scotia,Halifax,44.6475,-63.5906,CA-NS,91.0,41.51952380952381,Nov-2020
95,Nova Scotia,Halifax,44.6475,-63.5906,CA-NS,96.5,47.06818181818182,Dec-2020
96,Nova Scotia,Halifax,44.6475,-63.5906,CA-NS,107.5,52.11904761904762,Jan-2021
97,Nova Scotia,Halifax,44.6475,-63.5906,CA-NS,115.4,59.17238095238095,Feb-2021
98,Nova Scotia,Halifax,44.6475,-63.5906,CA-NS,125.0,62.35739130434783,Mar-2021
99,Nova Scotia,Halifax,44.6475,-63.5906,CA-NS,125.1,61.703809523809525,Apr-2021
100,Nova Scotia,Halifax,44.6475,-63.5906,CA-NS,127.6,65.30409090909092,May-2021
101,Nova Scotia,Halifax,44.6475,-63.5906,CA-NS,129.2,71.35272727272728,Jun-2021
102,Nova Scotia,Halifax,44.6475,-63.5906,CA-NS,135.4,72.71434782608696,Jul-2021
103,Nova Scotia,Halifax,44.6475,-63.5906,CA-NS,134.1,67.71136363636364,Aug-2021
104,Nova Scotia,Halifax,44.6475,-63.5906,CA-NS,135.1,71.30391304347826,Sep-2021
105,Nova Scotia,Halifax,44.6475,-63.5906,CA-NS,142.4,81.22285714285715,Oct-2021
106,Nova Scotia,Halifax,44.6475,-63.5906,CA-NS,140.8,78.59727272727274,Nov-2021
107,Nova Scotia,Halifax,44.6475,-63.5906,CA-NS,130.7,71.69,Dec-2021
108,Nova Scotia,Halifax,44.6475,-63.5906,CA-NS,141.4,83.05,Jan-2022
109,Nova Scotia,Halifax,44.6475,-63.5906,CA-NS,153.8,91.67714285714284,Feb-2022
110,Nova Scotia,Halifax,44.6475,-63.5906,CA-NS,171.1,108.26217391304348,Mar-2022
111,Nova Scotia,Halifax,44.6475,-63.5906,CA-NS,169.1,101.6405,Apr-2022
112,Nova Scotia,Halifax,44.6475,-63.5906,CA-NS,195.8,109.89869565217391,May-2022
113,Nova Scotia,Halifax,44.6475,-63.5906,CA-NS,208.1,113.86521739130436,Jun-2022
114,Nova Scotia,Halifax,44.6475,-63.5906,CA-NS,187.1,100.28545454545456,Jul-2022
115,Nova Scotia,Halifax,44.6475,-63.5906,CA-NS,170.2,91.48260869565217,Aug-2022
116,Nova Scotia,Halifax,44.6475,-63.5906,CA-NS,153.5,84.2195652173913,Sep-2022
117,Nova Scotia,Halifax,44.6475,-63.5906,CA-NS,167.2,87.03095238095237,Oct-2022
118,Nova Scotia,Halifax,44.6475,-63.5906,CA-NS,170.2,84.09363636363636,Nov-2022
119,Nova Scotia,Halifax,44.6475,-63.5906,CA-NS,144.0,76.91083333333333,Dec-2022
120,New Brunswick,Saint John,45.2806,-66.0761,CA-NB,114.1,63.58708333333333,Jan-2018
121,New Brunswick,Saint John,45.2806,-66.0761,CA-NB,113.9,62.17095238095238,Feb-2018
122,New Brunswick,Saint John,45.2806,-66.0761,CA-NB,113.9,62.77190476190477,Mar-2018
123,New Brunswick,Saint John,45.2806,-66.0761,CA-NB,122.9,66.32523809523809,Apr-2018
124,New Brunswick,Saint John,45.2806,-66.0761,CA-NB,128.9,69.75166666666667,May-2018
125,New Brunswick,Saint John,45.2806,-66.0761,CA-NB,125.7,67.32285714285715,Jun-2018
126,New Brunswick,Saint John,45.2806,-66.0761,CA-NB,126.9,70.74318181818181,Jul-2018
127,New Brunswick,Saint John,45.2806,-66.0761,CA-NB,126.5,67.84521739130435,Aug-2018
128,New Brunswick,Saint John,45.2806,-66.0761,CA-NB,127.0,70.07857142857144,Sep-2018
129,New Brunswick,Saint John,45.2806,-66.0761,CA-NB,126.2,70.75782608695653,Oct-2018
130,New Brunswick,Saint John,45.2806,-66.0761,CA-NB,113.4,56.57181818181818,Nov-2018
131,New Brunswick,Saint John,45.2806,-66.0761,CA-NB,105.3,48.705714285714286,Dec-2018
132,New Brunswick,Saint John,45.2806,-66.0761,CA-NB,102.1,51.51416666666666,Jan-2019
133,New Brunswick,Saint John,45.2806,-66.0761,CA-NB,104.1,55.10619047619048,Feb-2019
134,New Brunswick,Saint John,45.2806,-66.0761,CA-NB,114.6,58.16809523809523,Mar-2019
135,New Brunswick,Saint John,45.2806,-66.0761,CA-NB,130.0,63.87095238095238,Apr-2019
136,New Brunswick,Saint John,45.2806,-66.0761,CA-NB,130.3,60.70708333333334,May-2019
137,New Brunswick,Saint John,45.2806,-66.0761,CA-NB,119.2,54.706500000000005,Jun-2019
138,New Brunswick,Saint John,45.2806,-66.0761,CA-NB,124.0,57.51391304347826,Jul-2019
139,New Brunswick,Saint John,45.2806,-66.0761,CA-NB,120.0,54.84409090909091,Aug-2019
140,New Brunswick,Saint John,45.2806,-66.0761,CA-NB,117.8,56.76363636363636,Sep-2019
141,New Brunswick,Saint John,45.2806,-66.0761,CA-NB,118.1,54.00565217391305,Oct-2019
142,New Brunswick,Saint John,45.2806,-66.0761,CA-NB,118.9,57.118095238095236,Nov-2019
143,New Brunswick,Saint John,45.2806,-66.0761,CA-NB,118.4,59.86772727272727,Dec-2019
144,New Brunswick,Saint John,45.2806,-66.0761,CA-NB,117.8,57.809583333333336,Jan-2020
145,New Brunswick,Saint John,45.2806,-66.0761,CA-NB,113.3,50.70761904761904,Feb-2020
146,New Brunswick,Saint John,45.2806,-66.0761,CA-NB,95.4,30.44545454545454,Mar-2020
147,New Brunswick,Saint John,45.2806,-66.0761,CA-NB,73.4,16.69904761904762,Apr-2020
148,New Brunswick,Saint John,45.2806,-66.0761,CA-NB,82.8,28.97136363636364,May-2020
149,New Brunswick,Saint John,45.2806,-66.0761,CA-NB,92.7,38.31363636363636,Jun-2020
150,New Brunswick,Saint John,45.2806,-66.0761,CA-NB,98.2,40.74478260869565,Jul-2020
151,New Brunswick,Saint John,45.2806,-66.0761,CA-NB,96.9,42.38809523809524,Aug-2020
152,New Brunswick,Saint John,45.2806,-66.0761,CA-NB,97.0,39.56913043478261,Sep-2020
153,New Brunswick,Saint John,45.2806,-66.0761,CA-NB,96.8,39.554545454545455,Oct-2020
154,New Brunswick,Saint John,45.2806,-66.0761,CA-NB,94.3,41.51952380952381,Nov-2020
155,New Brunswick,Saint John,45.2806,-66.0761,CA-NB,98.8,47.06818181818182,Dec-2020
156,New Brunswick,Saint John,45.2806,-66.0761,CA-NB,106.1,52.11904761904762,Jan-2021
157,New Brunswick,Saint John,45.2806,-66.0761,CA-NB,112.3,59.17238095238095,Feb-2021
158,New Brunswick,Saint John,45.2806,-66.0761,CA-NB,123.1,62.35739130434783,Mar-2021
159,New Brunswick,Saint John,45.2806,-66.0761,CA-NB,125.8,61.703809523809525,Apr-2021
160,New Brunswick,Saint John,45.2806,-66.0761,CA-NB,128.7,65.30409090909092,May-2021
161,New Brunswick,Saint John,45.2806,-66.0761,CA-NB,130.2,71.35272727272728,Jun-2021
162,New Brunswick,Saint John,45.2806,-66.0761,CA-NB,135.8,72.71434782608696,Jul-2021
163,New Brunswick,Saint John,45.2806,-66.0761,CA-NB,136.3,67.71136363636364,Aug-2021
164,New Brunswick,Saint John,45.2806,-66.0761,CA-NB,137.7,71.30391304347826,Sep-2021
165,New Brunswick,Saint John,45.2806,-66.0761,CA-NB,143.1,81.22285714285715,Oct-2021
166,New Brunswick,Saint John,45.2806,-66.0761,CA-NB,146.0,78.59727272727274,Nov-2021
167,New Brunswick,Saint John,45.2806,-66.0761,CA-NB,139.6,71.69,Dec-2021
168,New Brunswick,Saint John,45.2806,-66.0761,CA-NB,142.2,83.05,Jan-2022
169,New Brunswick,Saint John,45.2806,-66.0761,CA-NB,153.2,91.67714285714284,Feb-2022
170,New Brunswick,Saint John,45.2806,-66.0761,CA-NB,169.6,108.26217391304348,Mar-2022
171,New Brunswick,Saint John,45.2806,-66.0761,CA-NB,174.4,101.6405,Apr-2022
172,New Brunswick,Saint John,45.2806,-66.0761,CA-NB,194.2,109.89869565217391,May-2022
173,New Brunswick,Saint John,45.2806,-66.0761,CA-NB,210.6,113.86521739130436,Jun-2022
174,New Brunswick,Saint John,45.2806,-66.0761,CA-NB,192.1,100.28545454545456,Jul-2022
175,New Brunswick,Saint John,45.2806,-66.0761,CA-NB,177.1,91.48260869565217,Aug-2022
176,New Brunswick,Saint John,45.2806,-66.0761,CA-NB,158.5,84.2195652173913,Sep-2022
177,New Brunswick,Saint John,45.2806,-66.0761,CA-NB,168.9,87.03095238095237,Oct-2022
178,New Brunswick,Saint John,45.2806,-66.0761,CA-NB,174.1,84.09363636363636,Nov-2022
179,New Brunswick,Saint John,45.2806,-66.0761,CA-NB,149.5,76.91083333333333,Dec-2022
180,Quebec,Montréal,45.5089,-73.5617,CA-QC,127.6,63.58708333333333,Jan-2018
181,Quebec,Montréal,45.5089,-73.5617,CA-QC,127.5,62.17095238095238,Feb-2018
182,Quebec,Montréal,45.5089,-73.5617,CA-QC,130.0,62.77190476190477,Mar-2018
183,Quebec,Montréal,45.5089,-73.5617,CA-QC,137.9,66.32523809523809,Apr-2018
184,Quebec,Montréal,45.5089,-73.5617,CA-QC,142.7,69.75166666666667,May-2018
185,Quebec,Montréal,45.5089,-73.5617,CA-QC,139.7,67.32285714285715,Jun-2018
186,Quebec,Montréal,45.5089,-73.5617,CA-QC,137.6,70.74318181818181,Jul-2018
187,Quebec,Montréal,45.5089,-73.5617,CA-QC,138.3,67.84521739130435,Aug-2018
188,Quebec,Montréal,45.5089,-73.5617,CA-QC,140.0,70.07857142857144,Sep-2018
189,Quebec,Montréal,45.5089,-73.5617,CA-QC,131.7,70.75782608695653,Oct-2018
190,Quebec,Montréal,45.5089,-73.5617,CA-QC,117.0,56.57181818181818,Nov-2018
191,Quebec,Montréal,45.5089,-73.5617,CA-QC,112.5,48.705714285714286,Dec-2018
192,Quebec,Montréal,45.5089,-73.5617,CA-QC,112.1,51.51416666666666,Jan-2019
193,Quebec,Montréal,45.5089,-73.5617,CA-QC,113.6,55.10619047619048,Feb-2019
194,Quebec,Montréal,45.5089,-73.5617,CA-QC,126.3,58.16809523809523,Mar-2019
195,Quebec,Montréal,45.5089,-73.5617,CA-QC,136.0,63.87095238095238,Apr-2019
196,Quebec,Montréal,45.5089,-73.5617,CA-QC,137.9,60.70708333333334,May-2019
197,Quebec,Montréal,45.5089,-73.5617,CA-QC,128.5,54.706500000000005,Jun-2019
198,Quebec,Montréal,45.5089,-73.5617,CA-QC,133.3,57.51391304347826,Jul-2019
199,Quebec,Montréal,45.5089,-73.5617,CA-QC,125.1,54.84409090909091,Aug-2019
200,Quebec,Montréal,45.5089,-73.5617,CA-QC,123.9,56.76363636363636,Sep-2019
201,Quebec,Montréal,45.5089,-73.5617,CA-QC,123.6,54.00565217391305,Oct-2019
202,Quebec,Montréal,45.5089,-73.5617,CA-QC,123.5,57.118095238095236,Nov-2019
203,Quebec,Montréal,45.5089,-73.5617,CA-QC,123.5,59.86772727272727,Dec-2019
204,Quebec,Montréal,45.5089,-73.5617,CA-QC,122.1,57.809583333333336,Jan-2020
205,Quebec,Montréal,45.5089,-73.5617,CA-QC,120.1,50.70761904761904,Feb-2020
206,Quebec,Montréal,45.5089,-73.5617,CA-QC,99.3,30.44545454545454,Mar-2020
207,Quebec,Montréal,45.5089,-73.5617,CA-QC,85.5,16.69904761904762,Apr-2020
208,Quebec,Montréal,45.5089,-73.5617,CA-QC,97.0,28.97136363636364,May-2020
209,Quebec,Montréal,45.5089,-73.5617,CA-QC,105.6,38.31363636363636,Jun-2020
210,Quebec,Montréal,45.5089,-73.5617,CA-QC,110.6,40.74478260869565,Jul-2020
211,Quebec,Montréal,45.5089,-73.5617,CA-QC,109.3,42.38809523809524,Aug-2020
212,Quebec,Montréal,45.5089,-73.5617,CA-QC,106.6,39.56913043478261,Sep-2020
213,Quebec,Montréal,45.5089,-73.5617,CA-QC,105.4,39.554545454545455,Oct-2020
214,Quebec,Montréal,45.5089,-73.5617,CA-QC,104.8,41.51952380952381,Nov-2020
215,Quebec,Montréal,45.5089,-73.5617,CA-QC,108.7,47.06818181818182,Dec-2020
216,Quebec,Montréal,45.5089,-73.5617,CA-QC,115.4,52.11904761904762,Jan-2021
217,Quebec,Montréal,45.5089,-73.5617,CA-QC,122.5,59.17238095238095,Feb-2021
218,Quebec,Montréal,45.5089,-73.5617,CA-QC,129.1,62.35739130434783,Mar-2021
219,Quebec,Montréal,45.5089,-73.5617,CA-QC,128.5,61.703809523809525,Apr-2021
220,Quebec,Montréal,45.5089,-73.5617,CA-QC,133.8,65.30409090909092,May-2021
221,Quebec,Montréal,45.5089,-73.5617,CA-QC,136.4,71.35272727272728,Jun-2021
222,Quebec,Montréal,45.5089,-73.5617,CA-QC,139.7,72.71434782608696,Jul-2021
223,Quebec,Montréal,45.5089,-73.5617,CA-QC,141.2,67.71136363636364,Aug-2021
224,Quebec,Montréal,45.5089,-73.5617,CA-QC,143.3,71.30391304347826,Sep-2021
225,Quebec,Montréal,45.5089,-73.5617,CA-QC,151.6,81.22285714285715,Oct-2021
226,Quebec,Montréal,45.5089,-73.5617,CA-QC,152.1,78.59727272727274,Nov-2021
227,Quebec,Montréal,45.5089,-73.5617,CA-QC,148.3,71.69,Dec-2021
228,Quebec,Montréal,45.5089,-73.5617,CA-QC,155.5,83.05,Jan-2022
229,Quebec,Montréal,45.5089,-73.5617,CA-QC,166.6,91.67714285714284,Feb-2022
230,Quebec,Montréal,45.5089,-73.5617,CA-QC,183.7,108.26217391304348,Mar-2022
231,Quebec,Montréal,45.5089,-73.5617,CA-QC,181.2,101.6405,Apr-2022
232,Quebec,Montréal,45.5089,-73.5617,CA-QC,205.4,109.89869565217391,May-2022
233,Quebec,Montréal,45.5089,-73.5617,CA-QC,216.5,113.86521739130436,Jun-2022
234,Quebec,Montréal,45.5089,-73.5617,CA-QC,196.8,100.28545454545456,Jul-2022
235,Quebec,Montréal,45.5089,-73.5617,CA-QC,183.5,91.48260869565217,Aug-2022
236,Quebec,Montréal,45.5089,-73.5617,CA-QC,160.8,84.2195652173913,Sep-2022
237,Quebec,Montréal,45.5089,-73.5617,CA-QC,173.4,87.03095238095237,Oct-2022
238,Quebec,Montréal,45.5089,-73.5617,CA-QC,173.3,84.09363636363636,Nov-2022
239,Quebec,Montréal,45.5089,-73.5617,CA-QC,151.6,76.91083333333333,Dec-2022
240,Ontario,Ottawa,45.4247,-75.695,CA-ON,124.4,63.58708333333333,Jan-2018
241,Ontario,Ottawa,45.4247,-75.695,CA-ON,119.6,62.17095238095238,Feb-2018
242,Ontario,Ottawa,45.4247,-75.695,CA-ON,125.8,62.77190476190477,Mar-2018
243,Ontario,Ottawa,45.4247,-75.695,CA-ON,133.6,66.32523809523809,Apr-2018
244,Ontario,Ottawa,45.4247,-75.695,CA-ON,136.9,69.75166666666667,May-2018
245,Ontario,Ottawa,45.4247,-75.695,CA-ON,128.2,67.32285714285715,Jun-2018
246,Ontario,Ottawa,45.4247,-75.695,CA-ON,129.5,70.74318181818181,Jul-2018
247,Ontario,Ottawa,45.4247,-75.695,CA-ON,127.4,67.84521739130435,Aug-2018
248,Ontario,Ottawa,45.4247,-75.695,CA-ON,123.1,70.07857142857144,Sep-2018
249,Ontario,Ottawa,45.4247,-75.695,CA-ON,118.1,70.75782608695653,Oct-2018
250,Ontario,Ottawa,45.4247,-75.695,CA-ON,106.4,56.57181818181818,Nov-2018
251,Ontario,Ottawa,45.4247,-75.695,CA-ON,99.7,48.705714285714286,Dec-2018
252,Ontario,Ottawa,45.4247,-75.695,CA-ON,96.5,51.51416666666666,Jan-2019
253,Ontario,Ottawa,45.4247,-75.695,CA-ON,96.1,55.10619047619048,Feb-2019
254,Ontario,Ottawa,45.4247,-75.695,CA-ON,110.9,58.16809523809523,Mar-2019
255,Ontario,Ottawa,45.4247,-75.695,CA-ON,125.8,63.87095238095238,Apr-2019
256,Ontario,Ottawa,45.4247,-75.695,CA-ON,127.8,60.70708333333334,May-2019
257,Ontario,Ottawa,45.4247,-75.695,CA-ON,119.1,54.706500000000005,Jun-2019
258,Ontario,Ottawa,45.4247,-75.695,CA-ON,125.4,57.51391304347826,Jul-2019
259,Ontario,Ottawa,45.4247,-75.695,CA-ON,117.8,54.84409090909091,Aug-2019
260,Ontario,Ottawa,45.4247,-75.695,CA-ON,116.2,56.76363636363636,Sep-2019
261,Ontario,Ottawa,45.4247,-75.695,CA-ON,115.2,54.00565217391305,Oct-2019
262,Ontario,Ottawa,45.4247,-75.695,CA-ON,113.6,57.118095238095236,Nov-2019
263,Ontario,Ottawa,45.4247,-75.695,CA-ON,113.1,59.86772727272727,Dec-2019
264,Ontario,Ottawa,45.4247,-75.695,CA-ON,111.6,57.809583333333336,Jan-2020
265,Ontario,Ottawa,45.4247,-75.695,CA-ON,108.4,50.70761904761904,Feb-2020
266,Ontario,Ottawa,45.4247,-75.695,CA-ON,84.3,30.44545454545454,Mar-2020
267,Ontario,Ottawa,45.4247,-75.695,CA-ON,78.3,16.69904761904762,Apr-2020
268,Ontario,Ottawa,45.4247,-75.695,CA-ON,90.7,28.97136363636364,May-2020
269,Ontario,Ottawa,45.4247,-75.695,CA-ON,99.4,38.31363636363636,Jun-2020
270,Ontario,Ottawa,45.4247,-75.695,CA-ON,103.7,40.74478260869565,Jul-2020
271,Ontario,Ottawa,45.4247,-75.695,CA-ON,103.3,42.38809523809524,Aug-2020
272,Ontario,Ottawa,45.4247,-75.695,CA-ON,101.1,39.56913043478261,Sep-2020
273,Ontario,Ottawa,45.4247,-75.695,CA-ON,100.1,39.554545454545455,Oct-2020
274,Ontario,Ottawa,45.4247,-75.695,CA-ON,98.7,41.51952380952381,Nov-2020
275,Ontario,Ottawa,45.4247,-75.695,CA-ON,103.2,47.06818181818182,Dec-2020
276,Ontario,Ottawa,45.4247,-75.695,CA-ON,110.9,52.11904761904762,Jan-2021
277,Ontario,Ottawa,45.4247,-75.695,CA-ON,117.7,59.17238095238095,Feb-2021
278,Ontario,Ottawa,45.4247,-75.695,CA-ON,123.1,62.35739130434783,Mar-2021
279,Ontario,Ottawa,45.4247,-75.695,CA-ON,125.4,61.703809523809525,Apr-2021
280,Ontario,Ottawa,45.4247,-75.695,CA-ON,129.9,65.30409090909092,May-2021
281,Ontario,Ottawa,45.4247,-75.695,CA-ON,131.3,71.35272727272728,Jun-2021
282,Ontario,Ottawa,45.4247,-75.695,CA-ON,134.7,72.71434782608696,Jul-2021
283,Ontario,Ottawa,45.4247,-75.695,CA-ON,135.7,67.71136363636364,Aug-2021
284,Ontario,Ottawa,45.4247,-75.695,CA-ON,136.3,71.30391304347826,Sep-2021
285,Ontario,Ottawa,45.4247,-75.695,CA-ON,143.5,81.22285714285715,Oct-2021
286,Ontario,Ottawa,45.4247,-75.695,CA-ON,142.6,78.59727272727274,Nov-2021
287,Ontario,Ottawa,45.4247,-75.695,CA-ON,136.0,71.69,Dec-2021
288,Ontario,Ottawa,45.4247,-75.695,CA-ON,144.3,83.05,Jan-2022
289,Ontario,Ottawa,45.4247,-75.695,CA-ON,156.0,91.67714285714284,Feb-2022
290,Ontario,Ottawa,45.4247,-75.695,CA-ON,172.0,108.26217391304348,Mar-2022
291,Ontario,Ottawa,45.4247,-75.695,CA-ON,174.3,101.6405,Apr-2022
292,Ontario,Ottawa,45.4247,-75.695,CA-ON,198.0,109.89869565217391,May-2022
293,Ontario,Ottawa,45.4247,-75.695,CA-ON,205.7,113.86521739130436,Jun-2022
294,Ontario,Ottawa,45.4247,-75.695,CA-ON,180.4,100.28545454545456,Jul-2022
295,Ontario,Ottawa,45.4247,-75.695,CA-ON,165.5,91.48260869565217,Aug-2022
296,Ontario,Ottawa,45.4247,-75.695,CA-ON,148.7,84.2195652173913,Sep-2022
297,Ontario,Ottawa,45.4247,-75.695,CA-ON,164.3,87.03095238095237,Oct-2022
298,Ontario,Ottawa,45.4247,-75.695,CA-ON,161.5,84.09363636363636,Nov-2022
299,Ontario,Ottawa,45.4247,-75.695,CA-ON,140.6,76.91083333333333,Dec-2022
300,Ontario,Toronto,43.7417,-79.3733,CA-ON,124.5,63.58708333333333,Jan-2018
301,Ontario,Toronto,43.7417,-79.3733,CA-ON,123.6,62.17095238095238,Feb-2018
302,Ontario,Toronto,43.7417,-79.3733,CA-ON,126.1,62.77190476190477,Mar-2018
303,Ontario,Toronto,43.7417,-79.3733,CA-ON,133.7,66.32523809523809,Apr-2018
304,Ontario,Toronto,43.7417,-79.3733,CA-ON,137.3,69.75166666666667,May-2018
305,Ontario,Toronto,43.7417,-79.3733,CA-ON,134.6,67.32285714285715,Jun-2018
306,Ontario,Toronto,43.7417,-79.3733,CA-ON,135.6,70.74318181818181,Jul-2018
307,Ontario,Toronto,43.7417,-79.3733,CA-ON,133.6,67.84521739130435,Aug-2018
308,Ontario,Toronto,43.7417,-79.3733,CA-ON,129.3,70.07857142857144,Sep-2018
309,Ontario,Toronto,43.7417,-79.3733,CA-ON,124.0,70.75782608695653,Oct-2018
310,Ontario,Toronto,43.7417,-79.3733,CA-ON,111.7,56.57181818181818,Nov-2018
311,Ontario,Toronto,43.7417,-79.3733,CA-ON,105.5,48.705714285714286,Dec-2018
312,Ontario,Toronto,43.7417,-79.3733,CA-ON,102.4,51.51416666666666,Jan-2019
313,Ontario,Toronto,43.7417,-79.3733,CA-ON,102.1,55.10619047619048,Feb-2019
314,Ontario,Toronto,43.7417,-79.3733,CA-ON,115.8,58.16809523809523,Mar-2019
315,Ontario,Toronto,43.7417,-79.3733,CA-ON,126.7,63.87095238095238,Apr-2019
316,Ontario,Toronto,43.7417,-79.3733,CA-ON,127.7,60.70708333333334,May-2019
317,Ontario,Toronto,43.7417,-79.3733,CA-ON,118.9,54.706500000000005,Jun-2019
318,Ontario,Toronto,43.7417,-79.3733,CA-ON,125.3,57.51391304347826,Jul-2019
319,Ontario,Toronto,43.7417,-79.3733,CA-ON,118.5,54.84409090909091,Aug-2019
320,Ontario,Toronto,43.7417,-79.3733,CA-ON,116.7,56.76363636363636,Sep-2019
321,Ontario,Toronto,43.7417,-79.3733,CA-ON,116.9,54.00565217391305,Oct-2019
322,Ontario,Toronto,43.7417,-79.3733,CA-ON,116.4,57.118095238095236,Nov-2019
323,Ontario,Toronto,43.7417,-79.3733,CA-ON,116.0,59.86772727272727,Dec-2019
324,Ontario,Toronto,43.7417,-79.3733,CA-ON,114.6,57.809583333333336,Jan-2020
325,Ontario,Toronto,43.7417,-79.3733,CA-ON,111.0,50.70761904761904,Feb-2020
326,Ontario,Toronto,43.7417,-79.3733,CA-ON,86.1,30.44545454545454,Mar-2020
327,Ontario,Toronto,43.7417,-79.3733,CA-ON,79.1,16.69904761904762,Apr-2020
328,Ontario,Toronto,43.7417,-79.3733,CA-ON,91.2,28.97136363636364,May-2020
329,Ontario,Toronto,43.7417,-79.3733,CA-ON,99.9,38.31363636363636,Jun-2020
330,Ontario,Toronto,43.7417,-79.3733,CA-ON,104.3,40.74478260869565,Jul-2020
331,Ontario,Toronto,43.7417,-79.3733,CA-ON,103.9,42.38809523809524,Aug-2020
332,Ontario,Toronto,43.7417,-79.3733,CA-ON,101.8,39.56913043478261,Sep-2020
333,Ontario,Toronto,43.7417,-79.3733,CA-ON,100.7,39.554545454545455,Oct-2020
334,Ontario,Toronto,43.7417,-79.3733,CA-ON,99.3,41.51952380952381,Nov-2020
335,Ontario,Toronto,43.7417,-79.3733,CA-ON,103.6,47.06818181818182,Dec-2020
336,Ontario,Toronto,43.7417,-79.3733,CA-ON,110.9,52.11904761904762,Jan-2021
337,Ontario,Toronto,43.7417,-79.3733,CA-ON,118.1,59.17238095238095,Feb-2021
338,Ontario,Toronto,43.7417,-79.3733,CA-ON,123.8,62.35739130434783,Mar-2021
339,Ontario,Toronto,43.7417,-79.3733,CA-ON,125.9,61.703809523809525,Apr-2021
340,Ontario,Toronto,43.7417,-79.3733,CA-ON,130.2,65.30409090909092,May-2021
341,Ontario,Toronto,43.7417,-79.3733,CA-ON,132.6,71.35272727272728,Jun-2021
342,Ontario,Toronto,43.7417,-79.3733,CA-ON,136.4,72.71434782608696,Jul-2021
343,Ontario,Toronto,43.7417,-79.3733,CA-ON,137.2,67.71136363636364,Aug-2021
344,Ontario,Toronto,43.7417,-79.3733,CA-ON,137.9,71.30391304347826,Sep-2021
345,Ontario,Toronto,43.7417,-79.3733,CA-ON,145.3,81.22285714285715,Oct-2021
346,Ontario,Toronto,43.7417,-79.3733,CA-ON,144.3,78.59727272727274,Nov-2021
347,Ontario,Toronto,43.7417,-79.3733,CA-ON,137.7,71.69,Dec-2021
348,Ontario,Toronto,43.7417,-79.3733,CA-ON,146.1,83.05,Jan-2022
349,Ontario,Toronto,43.7417,-79.3733,CA-ON,157.5,91.67714285714284,Feb-2022
350,Ontario,Toronto,43.7417,-79.3733,CA-ON,173.0,108.26217391304348,Mar-2022
351,Ontario,Toronto,43.7417,-79.3733,CA-ON,174.3,101.6405,Apr-2022
352,Ontario,Toronto,43.7417,-79.3733,CA-ON,198.0,109.89869565217391,May-2022
353,Ontario,Toronto,43.7417,-79.3733,CA-ON,205.9,113.86521739130436,Jun-2022
354,Ontario,Toronto,43.7417,-79.3733,CA-ON,180.5,100.28545454545456,Jul-2022
355,Ontario,Toronto,43.7417,-79.3733,CA-ON,165.6,91.48260869565217,Aug-2022
356,Ontario,Toronto,43.7417,-79.3733,CA-ON,148.7,84.2195652173913,Sep-2022
357,Ontario,Toronto,43.7417,-79.3733,CA-ON,164.3,87.03095238095237,Oct-2022
358,Ontario,Toronto,43.7417,-79.3733,CA-ON,161.6,84.09363636363636,Nov-2022
359,Ontario,Toronto,43.7417,-79.3733,CA-ON,140.7,76.91083333333333,Dec-2022
360,Ontario,Thunder Bay,48.3822,-89.2461,CA-ON,123.9,63.58708333333333,Jan-2018
361,Ontario,Thunder Bay,48.3822,-89.2461,CA-ON,122.7,62.17095238095238,Feb-2018
362,Ontario,Thunder Bay,48.3822,-89.2461,CA-ON,123.6,62.77190476190477,Mar-2018
363,Ontario,Thunder Bay,48.3822,-89.2461,CA-ON,135.4,66.32523809523809,Apr-2018
364,Ontario,Thunder Bay,48.3822,-89.2461,CA-ON,141.7,69.75166666666667,May-2018
365,Ontario,Thunder Bay,48.3822,-89.2461,CA-ON,140.6,67.32285714285715,Jun-2018
366,Ontario,Thunder Bay,48.3822,-89.2461,CA-ON,144.5,70.74318181818181,Jul-2018
367,Ontario,Thunder Bay,48.3822,-89.2461,CA-ON,145.3,67.84521739130435,Aug-2018
368,Ontario,Thunder Bay,48.3822,-89.2461,CA-ON,144.9,70.07857142857144,Sep-2018
369,Ontario,Thunder Bay,48.3822,-89.2461,CA-ON,142.3,70.75782608695653,Oct-2018
370,Ontario,Thunder Bay,48.3822,-89.2461,CA-ON,134.7,56.57181818181818,Nov-2018
371,Ontario,Thunder Bay,48.3822,-89.2461,CA-ON,124.5,48.705714285714286,Dec-2018
372,Ontario,Thunder Bay,48.3822,-89.2461,CA-ON,118.2,51.51416666666666,Jan-2019
373,Ontario,Thunder Bay,48.3822,-89.2461,CA-ON,116.7,55.10619047619048,Feb-2019
374,Ontario,Thunder Bay,48.3822,-89.2461,CA-ON,123.9,58.16809523809523,Mar-2019
375,Ontario,Thunder Bay,48.3822,-89.2461,CA-ON,140.2,63.87095238095238,Apr-2019
376,Ontario,Thunder Bay,48.3822,-89.2461,CA-ON,145.3,60.70708333333334,May-2019
377,Ontario,Thunder Bay,48.3822,-89.2461,CA-ON,139.9,54.706500000000005,Jun-2019
378,Ontario,Thunder Bay,48.3822,-89.2461,CA-ON,135.9,57.51391304347826,Jul-2019
379,Ontario,Thunder Bay,48.3822,-89.2461,CA-ON,133.7,54.84409090909091,Aug-2019
380,Ontario,Thunder Bay,48.3822,-89.2461,CA-ON,131.4,56.76363636363636,Sep-2019
381,Ontario,Thunder Bay,48.3822,-89.2461,CA-ON,130.7,54.00565217391305,Oct-2019
382,Ontario,Thunder Bay,48.3822,-89.2461,CA-ON,128.6,57.118095238095236,Nov-2019
383,Ontario,Thunder Bay,48.3822,-89.2461,CA-ON,127.9,59.86772727272727,Dec-2019
384,Ontario,Thunder Bay,48.3822,-89.2461,CA-ON,127.6,57.809583333333336,Jan-2020
385,Ontario,Thunder Bay,48.3822,-89.2461,CA-ON,126.0,50.70761904761904,Feb-2020
386,Ontario,Thunder Bay,48.3822,-89.2461,CA-ON,110.9,30.44545454545454,Mar-2020
387,Ontario,Thunder Bay,48.3822,-89.2461,CA-ON,84.9,16.69904761904762,Apr-2020
388,Ontario,Thunder Bay,48.3822,-89.2461,CA-ON,100.1,28.97136363636364,May-2020
389,Ontario,Thunder Bay,48.3822,-89.2461,CA-ON,111.8,38.31363636363636,Jun-2020
390,Ontario,Thunder Bay,48.3822,-89.2461,CA-ON,117.7,40.74478260869565,Jul-2020
391,Ontario,Thunder Bay,48.3822,-89.2461,CA-ON,116.2,42.38809523809524,Aug-2020
392,Ontario,Thunder Bay,48.3822,-89.2461,CA-ON,116.4,39.56913043478261,Sep-2020
393,Ontario,Thunder Bay,48.3822,-89.2461,CA-ON,116.0,39.554545454545455,Oct-2020
394,Ontario,Thunder Bay,48.3822,-89.2461,CA-ON,113.3,41.51952380952381,Nov-2020
395,Ontario,Thunder Bay,48.3822,-89.2461,CA-ON,114.6,47.06818181818182,Dec-2020
396,Ontario,Thunder Bay,48.3822,-89.2461,CA-ON,121.4,52.11904761904762,Jan-2021
397,Ontario,Thunder Bay,48.3822,-89.2461,CA-ON,125.3,59.17238095238095,Feb-2021
398,Ontario,Thunder Bay,48.3822,-89.2461,CA-ON,132.9,62.35739130434783,Mar-2021
399,Ontario,Thunder Bay,48.3822,-89.2461,CA-ON,138.5,61.703809523809525,Apr-2021
400,Ontario,Thunder Bay,48.3822,-89.2461,CA-ON,138.5,65.30409090909092,May-2021
401,Ontario,Thunder Bay,48.3822,-89.2461,CA-ON,140.0,71.35272727272728,Jun-2021
402,Ontario,Thunder Bay,48.3822,-89.2461,CA-ON,146.2,72.71434782608696,Jul-2021
403,Ontario,Thunder Bay,48.3822,-89.2461,CA-ON,146.7,67.71136363636364,Aug-2021
404,Ontario,Thunder Bay,48.3822,-89.2461,CA-ON,146.8,71.30391304347826,Sep-2021
405,Ontario,Thunder Bay,48.3822,-89.2461,CA-ON,153.7,81.22285714285715,Oct-2021
406,Ontario,Thunder Bay,48.3822,-89.2461,CA-ON,153.8,78.59727272727274,Nov-2021
407,Ontario,Thunder Bay,48.3822,-89.2461,CA-ON,143.8,71.69,Dec-2021
408,Ontario,Thunder Bay,48.3822,-89.2461,CA-ON,149.9,83.05,Jan-2022
409,Ontario,Thunder Bay,48.3822,-89.2461,CA-ON,157.5,91.67714285714284,Feb-2022
410,Ontario,Thunder Bay,48.3822,-89.2461,CA-ON,186.9,108.26217391304348,Mar-2022
411,Ontario,Thunder Bay,48.3822,-89.2461,CA-ON,187.9,101.6405,Apr-2022
412,Ontario,Thunder Bay,48.3822,-89.2461,CA-ON,196.0,109.89869565217391,May-2022
413,Ontario,Thunder Bay,48.3822,-89.2461,CA-ON,214.4,113.86521739130436,Jun-2022
414,Ontario,Thunder Bay,48.3822,-89.2461,CA-ON,185.7,100.28545454545456,Jul-2022
415,Ontario,Thunder Bay,48.3822,-89.2461,CA-ON,164.3,91.48260869565217,Aug-2022
416,Ontario,Thunder Bay,48.3822,-89.2461,CA-ON,164.9,84.2195652173913,Sep-2022
417,Ontario,Thunder Bay,48.3822,-89.2461,CA-ON,185.4,87.03095238095237,Oct-2022
418,Ontario,Thunder Bay,48.3822,-89.2461,CA-ON,159.1,84.09363636363636,Nov-2022
419,Ontario,Thunder Bay,48.3822,-89.2461,CA-ON,140.1,76.91083333333333,Dec-2022
420,Manitoba,Winnipeg,49.8844,-97.1464,CA-MB,107.0,63.58708333333333,Jan-2018
421,Manitoba,Winnipeg,49.8844,-97.1464,CA-MB,104.2,62.17095238095238,Feb-2018
422,Manitoba,Winnipeg,49.8844,-97.1464,CA-MB,106.9,62.77190476190477,Mar-2018
423,Manitoba,Winnipeg,49.8844,-97.1464,CA-MB,121.1,66.32523809523809,Apr-2018
424,Manitoba,Winnipeg,49.8844,-97.1464,CA-MB,125.1,69.75166666666667,May-2018
425,Manitoba,Winnipeg,49.8844,-97.1464,CA-MB,125.3,67.32285714285715,Jun-2018
426,Manitoba,Winnipeg,49.8844,-97.1464,CA-MB,123.4,70.74318181818181,Jul-2018
427,Manitoba,Winnipeg,49.8844,-97.1464,CA-MB,118.0,67.84521739130435,Aug-2018
428,Manitoba,Winnipeg,49.8844,-97.1464,CA-MB,116.6,70.07857142857144,Sep-2018
429,Manitoba,Winnipeg,49.8844,-97.1464,CA-MB,111.3,70.75782608695653,Oct-2018
430,Manitoba,Winnipeg,49.8844,-97.1464,CA-MB,102.4,56.57181818181818,Nov-2018
431,Manitoba,Winnipeg,49.8844,-97.1464,CA-MB,95.5,48.705714285714286,Dec-2018
432,Manitoba,Winnipeg,49.8844,-97.1464,CA-MB,89.9,51.51416666666666,Jan-2019
433,Manitoba,Winnipeg,49.8844,-97.1464,CA-MB,97.5,55.10619047619048,Feb-2019
434,Manitoba,Winnipeg,49.8844,-97.1464,CA-MB,108.4,58.16809523809523,Mar-2019
435,Manitoba,Winnipeg,49.8844,-97.1464,CA-MB,125.1,63.87095238095238,Apr-2019
436,Manitoba,Winnipeg,49.8844,-97.1464,CA-MB,122.6,60.70708333333334,May-2019
437,Manitoba,Winnipeg,49.8844,-97.1464,CA-MB,113.1,54.706500000000005,Jun-2019
438,Manitoba,Winnipeg,49.8844,-97.1464,CA-MB,114.7,57.51391304347826,Jul-2019
439,Manitoba,Winnipeg,49.8844,-97.1464,CA-MB,107.7,54.84409090909091,Aug-2019
440,Manitoba,Winnipeg,49.8844,-97.1464,CA-MB,108.2,56.76363636363636,Sep-2019
441,Manitoba,Winnipeg,49.8844,-97.1464,CA-MB,110.9,54.00565217391305,Oct-2019
442,Manitoba,Winnipeg,49.8844,-97.1464,CA-MB,107.0,57.118095238095236,Nov-2019
443,Manitoba,Winnipeg,49.8844,-97.1464,CA-MB,103.3,59.86772727272727,Dec-2019
444,Manitoba,Winnipeg,49.8844,-97.1464,CA-MB,101.6,57.809583333333336,Jan-2020
445,Manitoba,Winnipeg,49.8844,-97.1464,CA-MB,102.5,50.70761904761904,Feb-2020
446,Manitoba,Winnipeg,49.8844,-97.1464,CA-MB,84.5,30.44545454545454,Mar-2020
447,Manitoba,Winnipeg,49.8844,-97.1464,CA-MB,67.7,16.69904761904762,Apr-2020
448,Manitoba,Winnipeg,49.8844,-97.1464,CA-MB,85.2,28.97136363636364,May-2020
449,Manitoba,Winnipeg,49.8844,-97.1464,CA-MB,95.5,38.31363636363636,Jun-2020
450,Manitoba,Winnipeg,49.8844,-97.1464,CA-MB,99.9,40.74478260869565,Jul-2020
451,Manitoba,Winnipeg,49.8844,-97.1464,CA-MB,97.8,42.38809523809524,Aug-2020
452,Manitoba,Winnipeg,49.8844,-97.1464,CA-MB,96.7,39.56913043478261,Sep-2020
453,Manitoba,Winnipeg,49.8844,-97.1464,CA-MB,101.1,39.554545454545455,Oct-2020
454,Manitoba,Winnipeg,49.8844,-97.1464,CA-MB,95.9,41.51952380952381,Nov-2020
455,Manitoba,Winnipeg,49.8844,-97.1464,CA-MB,95.7,47.06818181818182,Dec-2020
456,Manitoba,Winnipeg,49.8844,-97.1464,CA-MB,102.9,52.11904761904762,Jan-2021
457,Manitoba,Winnipeg,49.8844,-97.1464,CA-MB,109.2,59.17238095238095,Feb-2021
458,Manitoba,Winnipeg,49.8844,-97.1464,CA-MB,115.9,62.35739130434783,Mar-2021
459,Manitoba,Winnipeg,49.8844,-97.1464,CA-MB,122.7,61.703809523809525,Apr-2021
460,Manitoba,Winnipeg,49.8844,-97.1464,CA-MB,127.8,65.30409090909092,May-2021
461,Manitoba,Winnipeg,49.8844,-97.1464,CA-MB,127.1,71.35272727272728,Jun-2021
462,Manitoba,Winnipeg,49.8844,-97.1464,CA-MB,131.5,72.71434782608696,Jul-2021
463,Manitoba,Winnipeg,49.8844,-97.1464,CA-MB,131.8,67.71136363636364,Aug-2021
464,Manitoba,Winnipeg,49.8844,-97.1464,CA-MB,131.8,71.30391304347826,Sep-2021
465,Manitoba,Winnipeg,49.8844,-97.1464,CA-MB,141.2,81.22285714285715,Oct-2021
466,Manitoba,Winnipeg,49.8844,-97.1464,CA-MB,138.7,78.59727272727274,Nov-2021
467,Manitoba,Winnipeg,49.8844,-97.1464,CA-MB,130.7,71.69,Dec-2021
468,Manitoba,Winnipeg,49.8844,-97.1464,CA-MB,138.5,83.05,Jan-2022
469,Manitoba,Winnipeg,49.8844,-97.1464,CA-MB,147.1,91.67714285714284,Feb-2022
470,Manitoba,Winnipeg,49.8844,-97.1464,CA-MB,169.8,108.26217391304348,Mar-2022
471,Manitoba,Winnipeg,49.8844,-97.1464,CA-MB,170.9,101.6405,Apr-2022
472,Manitoba,Winnipeg,49.8844,-97.1464,CA-MB,183.1,109.89869565217391,May-2022
473,Manitoba,Winnipeg,49.8844,-97.1464,CA-MB,205.3,113.86521739130436,Jun-2022
474,Manitoba,Winnipeg,49.8844,-97.1464,CA-MB,190.1,100.28545454545456,Jul-2022
475,Manitoba,Winnipeg,49.8844,-97.1464,CA-MB,169.9,91.48260869565217,Aug-2022
476,Manitoba,Winnipeg,49.8844,-97.1464,CA-MB,169.2,84.2195652173913,Sep-2022
477,Manitoba,Winnipeg,49.8844,-97.1464,CA-MB,184.3,87.03095238095237,Oct-2022
478,Manitoba,Winnipeg,49.8844,-97.1464,CA-MB,171.7,84.09363636363636,Nov-2022
479,Manitoba,Winnipeg,49.8844,-97.1464,CA-MB,150.8,76.91083333333333,Dec-2022
480,Saskatchewan,Regina,50.4547,-104.6067,CA-SK,105.9,63.58708333333333,Jan-2018
481,Saskatchewan,Regina,50.4547,-104.6067,CA-SK,103.5,62.17095238095238,Feb-2018
482,Saskatchewan,Regina,50.4547,-104.6067,CA-SK,108.1,62.77190476190477,Mar-2018
483,Saskatchewan,Regina,50.4547,-104.6067,CA-SK,116.9,66.32523809523809,Apr-2018
484,Saskatchewan,Regina,50.4547,-104.6067,CA-SK,123.7,69.75166666666667,May-2018
485,Saskatchewan,Regina,50.4547,-104.6067,CA-SK,122.3,67.32285714285715,Jun-2018
486,Saskatchewan,Regina,50.4547,-104.6067,CA-SK,123.4,70.74318181818181,Jul-2018
487,Saskatchewan,Regina,50.4547,-104.6067,CA-SK,121.4,67.84521739130435,Aug-2018
488,Saskatchewan,Regina,50.4547,-104.6067,CA-SK,120.6,70.07857142857144,Sep-2018
489,Saskatchewan,Regina,50.4547,-104.6067,CA-SK,120.1,70.75782608695653,Oct-2018
490,Saskatchewan,Regina,50.4547,-104.6067,CA-SK,109.4,56.57181818181818,Nov-2018
491,Saskatchewan,Regina,50.4547,-104.6067,CA-SK,97.2,48.705714285714286,Dec-2018
492,Saskatchewan,Regina,50.4547,-104.6067,CA-SK,91.8,51.51416666666666,Jan-2019
493,Saskatchewan,Regina,50.4547,-104.6067,CA-SK,101.8,55.10619047619048,Feb-2019
494,Saskatchewan,Regina,50.4547,-104.6067,CA-SK,111.2,58.16809523809523,Mar-2019
495,Saskatchewan,Regina,50.4547,-104.6067,CA-SK,127.3,63.87095238095238,Apr-2019
496,Saskatchewan,Regina,50.4547,-104.6067,CA-SK,123.7,60.70708333333334,May-2019
497,Saskatchewan,Regina,50.4547,-104.6067,CA-SK,110.7,54.706500000000005,Jun-2019
498,Saskatchewan,Regina,50.4547,-104.6067,CA-SK,115.1,57.51391304347826,Jul-2019
499,Saskatchewan,Regina,50.4547,-104.6067,CA-SK,109.0,54.84409090909091,Aug-2019
500,Saskatchewan,Regina,50.4547,-104.6067,CA-SK,108.2,56.76363636363636,Sep-2019
501,Saskatchewan,Regina,50.4547,-104.6067,CA-SK,110.8,54.00565217391305,Oct-2019
502,Saskatchewan,Regina,50.4547,-104.6067,CA-SK,108.7,57.118095238095236,Nov-2019
503,Saskatchewan,Regina,50.4547,-104.6067,CA-SK,108.5,59.86772727272727,Dec-2019
504,Saskatchewan,Regina,50.4547,-104.6067,CA-SK,109.8,57.809583333333336,Jan-2020
505,Saskatchewan,Regina,50.4547,-104.6067,CA-SK,105.1,50.70761904761904,Feb-2020
506,Saskatchewan,Regina,50.4547,-104.6067,CA-SK,88.4,30.44545454545454,Mar-2020
507,Saskatchewan,Regina,50.4547,-104.6067,CA-SK,71.7,16.69904761904762,Apr-2020
508,Saskatchewan,Regina,50.4547,-104.6067,CA-SK,87.9,28.97136363636364,May-2020
509,Saskatchewan,Regina,50.4547,-104.6067,CA-SK,96.7,38.31363636363636,Jun-2020
510,Saskatchewan,Regina,50.4547,-104.6067,CA-SK,102.4,40.74478260869565,Jul-2020
511,Saskatchewan,Regina,50.4547,-104.6067,CA-SK,101.1,42.38809523809524,Aug-2020
512,Saskatchewan,Regina,50.4547,-104.6067,CA-SK,102.8,39.56913043478261,Sep-2020
513,Saskatchewan,Regina,50.4547,-104.6067,CA-SK,97.8,39.554545454545455,Oct-2020
514,Saskatchewan,Regina,50.4547,-104.6067,CA-SK,98.4,41.51952380952381,Nov-2020
515,Saskatchewan,Regina,50.4547,-104.6067,CA-SK,99.8,47.06818181818182,Dec-2020
516,Saskatchewan,Regina,50.4547,-104.6067,CA-SK,104.1,52.11904761904762,Jan-2021
517,Saskatchewan,Regina,50.4547,-104.6067,CA-SK,110.6,59.17238095238095,Feb-2021
518,Saskatchewan,Regina,50.4547,-104.6067,CA-SK,120.4,62.35739130434783,Mar-2021
519,Saskatchewan,Regina,50.4547,-104.6067,CA-SK,127.9,61.703809523809525,Apr-2021
520,Saskatchewan,Regina,50.4547,-104.6067,CA-SK,127.0,65.30409090909092,May-2021
521,Saskatchewan,Regina,50.4547,-104.6067,CA-SK,127.0,71.35272727272728,Jun-2021
522,Saskatchewan,Regina,50.4547,-104.6067,CA-SK,131.8,72.71434782608696,Jul-2021
523,Saskatchewan,Regina,50.4547,-104.6067,CA-SK,131.8,67.71136363636364,Aug-2021
524,Saskatchewan,Regina,50.4547,-104.6067,CA-SK,131.8,71.30391304347826,Sep-2021
525,Saskatchewan,Regina,50.4547,-104.6067,CA-SK,141.6,81.22285714285715,Oct-2021
526,Saskatchewan,Regina,50.4547,-104.6067,CA-SK,143.4,78.59727272727274,Nov-2021
527,Saskatchewan,Regina,50.4547,-104.6067,CA-SK,130.8,71.69,Dec-2021
528,Saskatchewan,Regina,50.4547,-104.6067,CA-SK,137.0,83.05,Jan-2022
529,Saskatchewan,Regina,50.4547,-104.6067,CA-SK,145.9,91.67714285714284,Feb-2022
530,Saskatchewan,Regina,50.4547,-104.6067,CA-SK,168.5,108.26217391304348,Mar-2022
531,Saskatchewan,Regina,50.4547,-104.6067,CA-SK,167.3,101.6405,Apr-2022
532,Saskatchewan,Regina,50.4547,-104.6067,CA-SK,181.4,109.89869565217391,May-2022
533,Saskatchewan,Regina,50.4547,-104.6067,CA-SK,203.8,113.86521739130436,Jun-2022
534,Saskatchewan,Regina,50.4547,-104.6067,CA-SK,191.4,100.28545454545456,Jul-2022
535,Saskatchewan,Regina,50.4547,-104.6067,CA-SK,158.0,91.48260869565217,Aug-2022
536,Saskatchewan,Regina,50.4547,-104.6067,CA-SK,158.1,84.2195652173913,Sep-2022
537,Saskatchewan,Regina,50.4547,-104.6067,CA-SK,177.8,87.03095238095237,Oct-2022
538,Saskatchewan,Regina,50.4547,-104.6067,CA-SK,162.3,84.09363636363636,Nov-2022
539,Saskatchewan,Regina,50.4547,-104.6067,CA-SK,142.1,76.91083333333333,Dec-2022
540,Saskatchewan,Saskatoon,52.1333,-106.6833,CA-SK,107.4,63.58708333333333,Jan-2018
541,Saskatchewan,Saskatoon,52.1333,-106.6833,CA-SK,103.5,62.17095238095238,Feb-2018
542,Saskatchewan,Saskatoon,52.1333,-106.6833,CA-SK,109.4,62.77190476190477,Mar-2018
543,Saskatchewan,Saskatoon,52.1333,-106.6833,CA-SK,117.6,66.32523809523809,Apr-2018
544,Saskatchewan,Saskatoon,52.1333,-106.6833,CA-SK,123.1,69.75166666666667,May-2018
545,Saskatchewan,Saskatoon,52.1333,-106.6833,CA-SK,122.4,67.32285714285715,Jun-2018
546,Saskatchewan,Saskatoon,52.1333,-106.6833,CA-SK,125.8,70.74318181818181,Jul-2018
547,Saskatchewan,Saskatoon,52.1333,-106.6833,CA-SK,122.9,67.84521739130435,Aug-2018
548,Saskatchewan,Saskatoon,52.1333,-106.6833,CA-SK,121.8,70.07857142857144,Sep-2018
549,Saskatchewan,Saskatoon,52.1333,-106.6833,CA-SK,122.4,70.75782608695653,Oct-2018
550,Saskatchewan,Saskatoon,52.1333,-106.6833,CA-SK,114.1,56.57181818181818,Nov-2018
551,Saskatchewan,Saskatoon,52.1333,-106.6833,CA-SK,101.4,48.705714285714286,Dec-2018
552,Saskatchewan,Saskatoon,52.1333,-106.6833,CA-SK,95.7,51.51416666666666,Jan-2019
553,Saskatchewan,Saskatoon,52.1333,-106.6833,CA-SK,101.0,55.10619047619048,Feb-2019
554,Saskatchewan,Saskatoon,52.1333,-106.6833,CA-SK,110.9,58.16809523809523,Mar-2019
555,Saskatchewan,Saskatoon,52.1333,-106.6833,CA-SK,127.8,63.87095238095238,Apr-2019
556,Saskatchewan,Saskatoon,52.1333,-106.6833,CA-SK,128.3,60.70708333333334,May-2019
557,Saskatchewan,Saskatoon,52.1333,-106.6833,CA-SK,121.5,54.706500000000005,Jun-2019
558,Saskatchewan,Saskatoon,52.1333,-106.6833,CA-SK,118.2,57.51391304347826,Jul-2019
559,Saskatchewan,Saskatoon,52.1333,-106.6833,CA-SK,110.6,54.84409090909091,Aug-2019
560,Saskatchewan,Saskatoon,52.1333,-106.6833,CA-SK,108.2,56.76363636363636,Sep-2019
561,Saskatchewan,Saskatoon,52.1333,-106.6833,CA-SK,109.9,54.00565217391305,Oct-2019
562,Saskatchewan,Saskatoon,52.1333,-106.6833,CA-SK,101.6,57.118095238095236,Nov-2019
563,Saskatchewan,Saskatoon,52.1333,-106.6833,CA-SK,107.2,59.86772727272727,Dec-2019
564,Saskatchewan,Saskatoon,52.1333,-106.6833,CA-SK,110.0,57.809583333333336,Jan-2020
565,Saskatchewan,Saskatoon,52.1333,-106.6833,CA-SK,107.1,50.70761904761904,Feb-2020
566,Saskatchewan,Saskatoon,52.1333,-106.6833,CA-SK,85.2,30.44545454545454,Mar-2020
567,Saskatchewan,Saskatoon,52.1333,-106.6833,CA-SK,65.6,16.69904761904762,Apr-2020
568,Saskatchewan,Saskatoon,52.1333,-106.6833,CA-SK,85.7,28.97136363636364,May-2020
569,Saskatchewan,Saskatoon,52.1333,-106.6833,CA-SK,96.5,38.31363636363636,Jun-2020
570,Saskatchewan,Saskatoon,52.1333,-106.6833,CA-SK,103.3,40.74478260869565,Jul-2020
571,Saskatchewan,Saskatoon,52.1333,-106.6833,CA-SK,102.0,42.38809523809524,Aug-2020
572,Saskatchewan,Saskatoon,52.1333,-106.6833,CA-SK,103.6,39.56913043478261,Sep-2020
573,Saskatchewan,Saskatoon,52.1333,-106.6833,CA-SK,102.0,39.554545454545455,Oct-2020
574,Saskatchewan,Saskatoon,52.1333,-106.6833,CA-SK,97.5,41.51952380952381,Nov-2020
575,Saskatchewan,Saskatoon,52.1333,-106.6833,CA-SK,100.0,47.06818181818182,Dec-2020
576,Saskatchewan,Saskatoon,52.1333,-106.6833,CA-SK,103.8,52.11904761904762,Jan-2021
577,Saskatchewan,Saskatoon,52.1333,-106.6833,CA-SK,110.3,59.17238095238095,Feb-2021
578,Saskatchewan,Saskatoon,52.1333,-106.6833,CA-SK,119.7,62.35739130434783,Mar-2021
579,Saskatchewan,Saskatoon,52.1333,-106.6833,CA-SK,126.5,61.703809523809525,Apr-2021
580,Saskatchewan,Saskatoon,52.1333,-106.6833,CA-SK,125.3,65.30409090909092,May-2021
581,Saskatchewan,Saskatoon,52.1333,-106.6833,CA-SK,126.5,71.35272727272728,Jun-2021
582,Saskatchewan,Saskatoon,52.1333,-106.6833,CA-SK,131.3,72.71434782608696,Jul-2021
583,Saskatchewan,Saskatoon,52.1333,-106.6833,CA-SK,131.3,67.71136363636364,Aug-2021
584,Saskatchewan,Saskatoon,52.1333,-106.6833,CA-SK,131.7,71.30391304347826,Sep-2021
585,Saskatchewan,Saskatoon,52.1333,-106.6833,CA-SK,141.3,81.22285714285715,Oct-2021
586,Saskatchewan,Saskatoon,52.1333,-106.6833,CA-SK,143.0,78.59727272727274,Nov-2021
587,Saskatchewan,Saskatoon,52.1333,-106.6833,CA-SK,129.7,71.69,Dec-2021
588,Saskatchewan,Saskatoon,52.1333,-106.6833,CA-SK,135.7,83.05,Jan-2022
589,Saskatchewan,Saskatoon,52.1333,-106.6833,CA-SK,145.7,91.67714285714284,Feb-2022
590,Saskatchewan,Saskatoon,52.1333,-106.6833,CA-SK,168.2,108.26217391304348,Mar-2022
591,Saskatchewan,Saskatoon,52.1333,-106.6833,CA-SK,167.2,101.6405,Apr-2022
592,Saskatchewan,Saskatoon,52.1333,-106.6833,CA-SK,181.5,109.89869565217391,May-2022
593,Saskatchewan,Saskatoon,52.1333,-106.6833,CA-SK,202.9,113.86521739130436,Jun-2022
594,Saskatchewan,Saskatoon,52.1333,-106.6833,CA-SK,186.5,100.28545454545456,Jul-2022
595,Saskatchewan,Saskatoon,52.1333,-106.6833,CA-SK,153.8,91.48260869565217,Aug-2022
596,Saskatchewan,Saskatoon,52.1333,-106.6833,CA-SK,155.0,84.2195652173913,Sep-2022
597,Saskatchewan,Saskatoon,52.1333,-106.6833,CA-SK,177.3,87.03095238095237,Oct-2022
598,Saskatchewan,Saskatoon,52.1333,-106.6833,CA-SK,157.1,84.09363636363636,Nov-2022
599,Saskatchewan,Saskatoon,52.1333,-106.6833,CA-SK,140.0,76.91083333333333,Dec-2022
600,Alberta,Edmonton,53.5344,-113.4903,CA-AB,107.5,63.58708333333333,Jan-2018
601,Alberta,Edmonton,53.5344,-113.4903,CA-AB,104.0,62.17095238095238,Feb-2018
602,Alberta,Edmonton,53.5344,-113.4903,CA-AB,111.3,62.77190476190477,Mar-2018
603,Alberta,Edmonton,53.5344,-113.4903,CA-AB,122.5,66.32523809523809,Apr-2018
604,Alberta,Edmonton,53.5344,-113.4903,CA-AB,127.5,69.75166666666667,May-2018
605,Alberta,Edmonton,53.5344,-113.4903,CA-AB,124.4,67.32285714285715,Jun-2018
606,Alberta,Edmonton,53.5344,-113.4903,CA-AB,131.0,70.74318181818181,Jul-2018
607,Alberta,Edmonton,53.5344,-113.4903,CA-AB,126.2,67.84521739130435,Aug-2018
608,Alberta,Edmonton,53.5344,-113.4903,CA-AB,126.6,70.07857142857144,Sep-2018
609,Alberta,Edmonton,53.5344,-113.4903,CA-AB,119.8,70.75782608695653,Oct-2018
610,Alberta,Edmonton,53.5344,-113.4903,CA-AB,105.7,56.57181818181818,Nov-2018
611,Alberta,Edmonton,53.5344,-113.4903,CA-AB,95.0,48.705714285714286,Dec-2018
612,Alberta,Edmonton,53.5344,-113.4903,CA-AB,91.8,51.51416666666666,Jan-2019
613,Alberta,Edmonton,53.5344,-113.4903,CA-AB,99.2,55.10619047619048,Feb-2019
614,Alberta,Edmonton,53.5344,-113.4903,CA-AB,110.2,58.16809523809523,Mar-2019
615,Alberta,Edmonton,53.5344,-113.4903,CA-AB,118.9,63.87095238095238,Apr-2019
616,Alberta,Edmonton,53.5344,-113.4903,CA-AB,117.8,60.70708333333334,May-2019
617,Alberta,Edmonton,53.5344,-113.4903,CA-AB,100.4,54.706500000000005,Jun-2019
618,Alberta,Edmonton,53.5344,-113.4903,CA-AB,105.4,57.51391304347826,Jul-2019
619,Alberta,Edmonton,53.5344,-113.4903,CA-AB,99.9,54.84409090909091,Aug-2019
620,Alberta,Edmonton,53.5344,-113.4903,CA-AB,99.3,56.76363636363636,Sep-2019
621,Alberta,Edmonton,53.5344,-113.4903,CA-AB,98.2,54.00565217391305,Oct-2019
622,Alberta,Edmonton,53.5344,-113.4903,CA-AB,95.1,57.118095238095236,Nov-2019
623,Alberta,Edmonton,53.5344,-113.4903,CA-AB,96.2,59.86772727272727,Dec-2019
624,Alberta,Edmonton,53.5344,-113.4903,CA-AB,98.8,57.809583333333336,Jan-2020
625,Alberta,Edmonton,53.5344,-113.4903,CA-AB,96.4,50.70761904761904,Feb-2020
626,Alberta,Edmonton,53.5344,-113.4903,CA-AB,77.0,30.44545454545454,Mar-2020
627,Alberta,Edmonton,53.5344,-113.4903,CA-AB,62.4,16.69904761904762,Apr-2020
628,Alberta,Edmonton,53.5344,-113.4903,CA-AB,83.3,28.97136363636364,May-2020
629,Alberta,Edmonton,53.5344,-113.4903,CA-AB,92.0,38.31363636363636,Jun-2020
630,Alberta,Edmonton,53.5344,-113.4903,CA-AB,95.0,40.74478260869565,Jul-2020
631,Alberta,Edmonton,53.5344,-113.4903,CA-AB,92.2,42.38809523809524,Aug-2020
632,Alberta,Edmonton,53.5344,-113.4903,CA-AB,98.8,39.56913043478261,Sep-2020
633,Alberta,Edmonton,53.5344,-113.4903,CA-AB,92.0,39.554545454545455,Oct-2020
634,Alberta,Edmonton,53.5344,-113.4903,CA-AB,90.2,41.51952380952381,Nov-2020
635,Alberta,Edmonton,53.5344,-113.4903,CA-AB,94.7,47.06818181818182,Dec-2020
636,Alberta,Edmonton,53.5344,-113.4903,CA-AB,100.9,52.11904761904762,Jan-2021
637,Alberta,Edmonton,53.5344,-113.4903,CA-AB,109.0,59.17238095238095,Feb-2021
638,Alberta,Edmonton,53.5344,-113.4903,CA-AB,114.5,62.35739130434783,Mar-2021
639,Alberta,Edmonton,53.5344,-113.4903,CA-AB,119.9,61.703809523809525,Apr-2021
640,Alberta,Edmonton,53.5344,-113.4903,CA-AB,123.4,65.30409090909092,May-2021
641,Alberta,Edmonton,53.5344,-113.4903,CA-AB,125.6,71.35272727272728,Jun-2021
642,Alberta,Edmonton,53.5344,-113.4903,CA-AB,133.0,72.71434782608696,Jul-2021
643,Alberta,Edmonton,53.5344,-113.4903,CA-AB,132.3,67.71136363636364,Aug-2021
644,Alberta,Edmonton,53.5344,-113.4903,CA-AB,129.5,71.30391304347826,Sep-2021
645,Alberta,Edmonton,53.5344,-113.4903,CA-AB,138.3,81.22285714285715,Oct-2021
646,Alberta,Edmonton,53.5344,-113.4903,CA-AB,136.0,78.59727272727274,Nov-2021
647,Alberta,Edmonton,53.5344,-113.4903,CA-AB,130.6,71.69,Dec-2021
648,Alberta,Edmonton,53.5344,-113.4903,CA-AB,133.7,83.05,Jan-2022
649,Alberta,Edmonton,53.5344,-113.4903,CA-AB,142.2,91.67714285714284,Feb-2022
650,Alberta,Edmonton,53.5344,-113.4903,CA-AB,161.7,108.26217391304348,Mar-2022
651,Alberta,Edmonton,53.5344,-113.4903,CA-AB,150.5,101.6405,Apr-2022
652,Alberta,Edmonton,53.5344,-113.4903,CA-AB,163.3,109.89869565217391,May-2022
653,Alberta,Edmonton,53.5344,-113.4903,CA-AB,186.0,113.86521739130436,Jun-2022
654,Alberta,Edmonton,53.5344,-113.4903,CA-AB,179.1,100.28545454545456,Jul-2022
655,Alberta,Edmonton,53.5344,-113.4903,CA-AB,147.3,91.48260869565217,Aug-2022
656,Alberta,Edmonton,53.5344,-113.4903,CA-AB,136.8,84.2195652173913,Sep-2022
657,Alberta,Edmonton,53.5344,-113.4903,CA-AB,163.4,87.03095238095237,Oct-2022
658,Alberta,Edmonton,53.5344,-113.4903,CA-AB,148.1,84.09363636363636,Nov-2022
659,Alberta,Edmonton,53.5344,-113.4903,CA-AB,126.2,76.91083333333333,Dec-2022
660,Alberta,Calgary,51.05,-114.0667,CA-AB,112.1,63.58708333333333,Jan-2018
661,Alberta,Calgary,51.05,-114.0667,CA-AB,110.6,62.17095238095238,Feb-2018
662,Alberta,Calgary,51.05,-114.0667,CA-AB,115.3,62.77190476190477,Mar-2018
663,Alberta,Calgary,51.05,-114.0667,CA-AB,125.2,66.32523809523809,Apr-2018
664,Alberta,Calgary,51.05,-114.0667,CA-AB,129.6,69.75166666666667,May-2018
665,Alberta,Calgary,51.05,-114.0667,CA-AB,127.1,67.32285714285715,Jun-2018
666,Alberta,Calgary,51.05,-114.0667,CA-AB,131.4,70.74318181818181,Jul-2018
667,Alberta,Calgary,51.05,-114.0667,CA-AB,129.7,67.84521739130435,Aug-2018
668,Alberta,Calgary,51.05,-114.0667,CA-AB,129.9,70.07857142857144,Sep-2018
669,Alberta,Calgary,51.05,-114.0667,CA-AB,121.4,70.75782608695653,Oct-2018
670,Alberta,Calgary,51.05,-114.0667,CA-AB,108.3,56.57181818181818,Nov-2018
671,Alberta,Calgary,51.05,-114.0667,CA-AB,97.1,48.705714285714286,Dec-2018
672,Alberta,Calgary,51.05,-114.0667,CA-AB,95.2,51.51416666666666,Jan-2019
673,Alberta,Calgary,51.05,-114.0667,CA-AB,102.0,55.10619047619048,Feb-2019
674,Alberta,Calgary,51.05,-114.0667,CA-AB,113.6,58.16809523809523,Mar-2019
675,Alberta,Calgary,51.05,-114.0667,CA-AB,122.5,63.87095238095238,Apr-2019
676,Alberta,Calgary,51.05,-114.0667,CA-AB,120.7,60.70708333333334,May-2019
677,Alberta,Calgary,51.05,-114.0667,CA-AB,103.6,54.706500000000005,Jun-2019
678,Alberta,Calgary,51.05,-114.0667,CA-AB,108.4,57.51391304347826,Jul-2019
679,Alberta,Calgary,51.05,-114.0667,CA-AB,102.2,54.84409090909091,Aug-2019
680,Alberta,Calgary,51.05,-114.0667,CA-AB,102.1,56.76363636363636,Sep-2019
681,Alberta,Calgary,51.05,-114.0667,CA-AB,100.4,54.00565217391305,Oct-2019
682,Alberta,Calgary,51.05,-114.0667,CA-AB,97.9,57.118095238095236,Nov-2019
683,Alberta,Calgary,51.05,-114.0667,CA-AB,99.0,59.86772727272727,Dec-2019
684,Alberta,Calgary,51.05,-114.0667,CA-AB,101.6,57.809583333333336,Jan-2020
685,Alberta,Calgary,51.05,-114.0667,CA-AB,99.0,50.70761904761904,Feb-2020
686,Alberta,Calgary,51.05,-114.0667,CA-AB,79.2,30.44545454545454,Mar-2020
687,Alberta,Calgary,51.05,-114.0667,CA-AB,66.2,16.69904761904762,Apr-2020
688,Alberta,Calgary,51.05,-114.0667,CA-AB,87.2,28.97136363636364,May-2020
689,Alberta,Calgary,51.05,-114.0667,CA-AB,95.1,38.31363636363636,Jun-2020
690,Alberta,Calgary,51.05,-114.0667,CA-AB,97.4,40.74478260869565,Jul-2020
691,Alberta,Calgary,51.05,-114.0667,CA-AB,97.5,42.38809523809524,Aug-2020
692,Alberta,Calgary,51.05,-114.0667,CA-AB,104.9,39.56913043478261,Sep-2020
693,Alberta,Calgary,51.05,-114.0667,CA-AB,104.5,39.554545454545455,Oct-2020
694,Alberta,Calgary,51.05,-114.0667,CA-AB,103.7,41.51952380952381,Nov-2020
695,Alberta,Calgary,51.05,-114.0667,CA-AB,101.9,47.06818181818182,Dec-2020
696,Alberta,Calgary,51.05,-114.0667,CA-AB,102.8,52.11904761904762,Jan-2021
697,Alberta,Calgary,51.05,-114.0667,CA-AB,111.3,59.17238095238095,Feb-2021
698,Alberta,Calgary,51.05,-114.0667,CA-AB,117.3,62.35739130434783,Mar-2021
699,Alberta,Calgary,51.05,-114.0667,CA-AB,123.6,61.703809523809525,Apr-2021
700,Alberta,Calgary,51.05,-114.0667,CA-AB,127.3,65.30409090909092,May-2021
701,Alberta,Calgary,51.05,-114.0667,CA-AB,130.3,71.35272727272728,Jun-2021
702,Alberta,Calgary,51.05,-114.0667,CA-AB,135.6,72.71434782608696,Jul-2021
703,Alberta,Calgary,51.05,-114.0667,CA-AB,135.2,67.71136363636364,Aug-2021
704,Alberta,Calgary,51.05,-114.0667,CA-AB,133.1,71.30391304347826,Sep-2021
705,Alberta,Calgary,51.05,-114.0667,CA-AB,140.8,81.22285714285715,Oct-2021
706,Alberta,Calgary,51.05,-114.0667,CA-AB,141.9,78.59727272727274,Nov-2021
707,Alberta,Calgary,51.05,-114.0667,CA-AB,139.5,71.69,Dec-2021
708,Alberta,Calgary,51.05,-114.0667,CA-AB,138.9,83.05,Jan-2022
709,Alberta,Calgary,51.05,-114.0667,CA-AB,145.4,91.67714285714284,Feb-2022
710,Alberta,Calgary,51.05,-114.0667,CA-AB,164.7,108.26217391304348,Mar-2022
711,Alberta,Calgary,51.05,-114.0667,CA-AB,155.5,101.6405,Apr-2022
712,Alberta,Calgary,51.05,-114.0667,CA-AB,167.4,109.89869565217391,May-2022
713,Alberta,Calgary,51.05,-114.0667,CA-AB,189.5,113.86521739130436,Jun-2022
714,Alberta,Calgary,51.05,-114.0667,CA-AB,183.1,100.28545454545456,Jul-2022
715,Alberta,Calgary,51.05,-114.0667,CA-AB,153.0,91.48260869565217,Aug-2022
716,Alberta,Calgary,51.05,-114.0667,CA-AB,144.2,84.2195652173913,Sep-2022
717,Alberta,Calgary,51.05,-114.0667,CA-AB,167.1,87.03095238095237,Oct-2022
718,Alberta,Calgary,51.05,-114.0667,CA-AB,149.3,84.09363636363636,Nov-2022
719,Alberta,Calgary,51.05,-114.0667,CA-AB,124.2,76.91083333333333,Dec-2022
720,British Columbia,Vancouver,49.25,-123.1,CA-BC,141.7,63.58708333333333,Jan-2018
721,British Columbia,Vancouver,49.25,-123.1,CA-BC,144.5,62.17095238095238,Feb-2018
722,British Columbia,Vancouver,49.25,-123.1,CA-BC,151.4,62.77190476190477,Mar-2018
723,British Columbia,Vancouver,49.25,-123.1,CA-BC,155.1,66.32523809523809,Apr-2018
724,British Columbia,Vancouver,49.25,-123.1,CA-BC,159.9,69.75166666666667,May-2018
725,British Columbia,Vancouver,49.25,-123.1,CA-BC,154.3,67.32285714285715,Jun-2018
726,British Columbia,Vancouver,49.25,-123.1,CA-BC,155.7,70.74318181818181,Jul-2018
727,British Columbia,Vancouver,49.25,-123.1,CA-BC,150.3,67.84521739130435,Aug-2018
728,British Columbia,Vancouver,49.25,-123.1,CA-BC,151.9,70.07857142857144,Sep-2018
729,British Columbia,Vancouver,49.25,-123.1,CA-BC,155.2,70.75782608695653,Oct-2018
730,British Columbia,Vancouver,49.25,-123.1,CA-BC,141.9,56.57181818181818,Nov-2018
731,British Columbia,Vancouver,49.25,-123.1,CA-BC,138.5,48.705714285714286,Dec-2018
732,British Columbia,Vancouver,49.25,-123.1,CA-BC,132.0,51.51416666666666,Jan-2019
733,British Columbia,Vancouver,49.25,-123.1,CA-BC,134.4,55.10619047619048,Feb-2019
734,British Columbia,Vancouver,49.25,-123.1,CA-BC,149.6,58.16809523809523,Mar-2019
735,British Columbia,Vancouver,49.25,-123.1,CA-BC,167.3,63.87095238095238,Apr-2019
736,British Columbia,Vancouver,49.25,-123.1,CA-BC,169.0,60.70708333333334,May-2019
737,British Columbia,Vancouver,49.25,-123.1,CA-BC,148.4,54.706500000000005,Jun-2019
738,British Columbia,Vancouver,49.25,-123.1,CA-BC,151.5,57.51391304347826,Jul-2019
739,British Columbia,Vancouver,49.25,-123.1,CA-BC,148.2,54.84409090909091,Aug-2019
740,British Columbia,Vancouver,49.25,-123.1,CA-BC,153.6,56.76363636363636,Sep-2019
741,British Columbia,Vancouver,49.25,-123.1,CA-BC,158.2,54.00565217391305,Oct-2019
742,British Columbia,Vancouver,49.25,-123.1,CA-BC,140.5,57.118095238095236,Nov-2019
743,British Columbia,Vancouver,49.25,-123.1,CA-BC,136.5,59.86772727272727,Dec-2019
744,British Columbia,Vancouver,49.25,-123.1,CA-BC,139.9,57.809583333333336,Jan-2020
745,British Columbia,Vancouver,49.25,-123.1,CA-BC,145.9,50.70761904761904,Feb-2020
746,British Columbia,Vancouver,49.25,-123.1,CA-BC,121.4,30.44545454545454,Mar-2020
747,British Columbia,Vancouver,49.25,-123.1,CA-BC,96.7,16.69904761904762,Apr-2020
748,British Columbia,Vancouver,49.25,-123.1,CA-BC,113.0,28.97136363636364,May-2020
749,British Columbia,Vancouver,49.25,-123.1,CA-BC,127.2,38.31363636363636,Jun-2020
750,British Columbia,Vancouver,49.25,-123.1,CA-BC,131.4,40.74478260869565,Jul-2020
751,British Columbia,Vancouver,49.25,-123.1,CA-BC,130.0,42.38809523809524,Aug-2020
752,British Columbia,Vancouver,49.25,-123.1,CA-BC,125.9,39.56913043478261,Sep-2020
753,British Columbia,Vancouver,49.25,-123.1,CA-BC,122.3,39.554545454545455,Oct-2020
754,British Columbia,Vancouver,49.25,-123.1,CA-BC,123.6,41.51952380952381,Nov-2020
755,British Columbia,Vancouver,49.25,-123.1,CA-BC,126.1,47.06818181818182,Dec-2020
756,British Columbia,Vancouver,49.25,-123.1,CA-BC,134.6,52.11904761904762,Jan-2021
757,British Columbia,Vancouver,49.25,-123.1,CA-BC,141.2,59.17238095238095,Feb-2021
758,British Columbia,Vancouver,49.25,-123.1,CA-BC,149.6,62.35739130434783,Mar-2021
759,British Columbia,Vancouver,49.25,-123.1,CA-BC,152.2,61.703809523809525,Apr-2021
760,British Columbia,Vancouver,49.25,-123.1,CA-BC,155.6,65.30409090909092,May-2021
761,British Columbia,Vancouver,49.25,-123.1,CA-BC,161.1,71.35272727272728,Jun-2021
762,British Columbia,Vancouver,49.25,-123.1,CA-BC,169.1,72.71434782608696,Jul-2021
763,British Columbia,Vancouver,49.25,-123.1,CA-BC,165.6,67.71136363636364,Aug-2021
764,British Columbia,Vancouver,49.25,-123.1,CA-BC,156.7,71.30391304347826,Sep-2021
765,British Columbia,Vancouver,49.25,-123.1,CA-BC,162.4,81.22285714285715,Oct-2021
766,British Columbia,Vancouver,49.25,-123.1,CA-BC,159.8,78.59727272727274,Nov-2021
767,British Columbia,Vancouver,49.25,-123.1,CA-BC,157.2,71.69,Dec-2021
768,British Columbia,Vancouver,49.25,-123.1,CA-BC,170.5,83.05,Jan-2022
769,British Columbia,Vancouver,49.25,-123.1,CA-BC,177.1,91.67714285714284,Feb-2022
770,British Columbia,Vancouver,49.25,-123.1,CA-BC,198.3,108.26217391304348,Mar-2022
771,British Columbia,Vancouver,49.25,-123.1,CA-BC,198.5,101.6405,Apr-2022
772,British Columbia,Vancouver,49.25,-123.1,CA-BC,220.1,109.89869565217391,May-2022
773,British Columbia,Vancouver,49.25,-123.1,CA-BC,225.4,113.86521739130436,Jun-2022
774,British Columbia,Vancouver,49.25,-123.1,CA-BC,202.4,100.28545454545456,Jul-2022
775,British Columbia,Vancouver,49.25,-123.1,CA-BC,193.2,91.48260869565217,Aug-2022
776,British Columbia,Vancouver,49.25,-123.1,CA-BC,205.7,84.2195652173913,Sep-2022
777,British Columbia,Vancouver,49.25,-123.1,CA-BC,206.9,87.03095238095237,Oct-2022
778,British Columbia,Vancouver,49.25,-123.1,CA-BC,183.5,84.09363636363636,Nov-2022
779,British Columbia,Vancouver,49.25,-123.1,CA-BC,164.1,76.91083333333333,Dec-2022
780,British Columbia,Victoria,48.4283,-123.3647,CA-BC,129.6,63.58708333333333,Jan-2018
781,British Columbia,Victoria,47.7675,-53.2411,CA-BC,129.6,63.58708333333333,Jan-2018
782,British Columbia,Victoria,49.6644,-98.9153,CA-BC,129.6,63.58708333333333,Jan-2018
783,British Columbia,Victoria,48.4283,-123.3647,CA-BC,134.9,62.17095238095238,Feb-2018
784,British Columbia,Victoria,47.7675,-53.2411,CA-BC,134.9,62.17095238095238,Feb-2018
785,British Columbia,Victoria,49.6644,-98.9153,CA-BC,134.9,62.17095238095238,Feb-2018
786,British Columbia,Victoria,48.4283,-123.3647,CA-BC,143.2,62.77190476190477,Mar-2018
787,British Columbia,Victoria,47.7675,-53.2411,CA-BC,143.2,62.77190476190477,Mar-2018
788,British Columbia,Victoria,49.6644,-98.9153,CA-BC,143.2,62.77190476190477,Mar-2018
789,British Columbia,Victoria,48.4283,-123.3647,CA-BC,147.2,66.32523809523809,Apr-2018
790,British Columbia,Victoria,47.7675,-53.2411,CA-BC,147.2,66.32523809523809,Apr-2018
791,British Columbia,Victoria,49.6644,-98.9153,CA-BC,147.2,66.32523809523809,Apr-2018
792,British Columbia,Victoria,48.4283,-123.3647,CA-BC,153.9,69.75166666666667,May-2018
793,British Columbia,Victoria,47.7675,-53.2411,CA-BC,153.9,69.75166666666667,May-2018
794,British Columbia,Victoria,49.6644,-98.9153,CA-BC,153.9,69.75166666666667,May-2018
795,British Columbia,Victoria,48.4283,-123.3647,CA-BC,150.1,67.32285714285715,Jun-2018
796,British Columbia,Victoria,47.7675,-53.2411,CA-BC,150.1,67.32285714285715,Jun-2018
797,British Columbia,Victoria,49.6644,-98.9153,CA-BC,150.1,67.32285714285715,Jun-2018
798,British Columbia,Victoria,48.4283,-123.3647,CA-BC,150.0,70.74318181818181,Jul-2018
799,British Columbia,Victoria,47.7675,-53.2411,CA-BC,150.0,70.74318181818181,Jul-2018
800,British Columbia,Victoria,49.6644,-98.9153,CA-BC,150.0,70.74318181818181,Jul-2018
801,British Columbia,Victoria,48.4283,-123.3647,CA-BC,144.5,67.84521739130435,Aug-2018
802,British Columbia,Victoria,47.7675,-53.2411,CA-BC,144.5,67.84521739130435,Aug-2018
803,British Columbia,Victoria,49.6644,-98.9153,CA-BC,144.5,67.84521739130435,Aug-2018
804,British Columbia,Victoria,48.4283,-123.3647,CA-BC,142.7,70.07857142857144,Sep-2018
805,British Columbia,Victoria,47.7675,-53.2411,CA-BC,142.7,70.07857142857144,Sep-2018
806,British Columbia,Victoria,49.6644,-98.9153,CA-BC,142.7,70.07857142857144,Sep-2018
807,British Columbia,Victoria,48.4283,-123.3647,CA-BC,148.3,70.75782608695653,Oct-2018
808,British Columbia,Victoria,47.7675,-53.2411,CA-BC,148.3,70.75782608695653,Oct-2018
809,British Columbia,Victoria,49.6644,-98.9153,CA-BC,148.3,70.75782608695653,Oct-2018
810,British Columbia,Victoria,48.4283,-123.3647,CA-BC,137.8,56.57181818181818,Nov-2018
811,British Columbia,Victoria,47.7675,-53.2411,CA-BC,137.8,56.57181818181818,Nov-2018
812,British Columbia,Victoria,49.6644,-98.9153,CA-BC,137.8,56.57181818181818,Nov-2018
813,British Columbia,Victoria,48.4283,-123.3647,CA-BC,132.5,48.705714285714286,Dec-2018
814,British Columbia,Victoria,47.7675,-53.2411,CA-BC,132.5,48.705714285714286,Dec-2018
815,British Columbia,Victoria,49.6644,-98.9153,CA-BC,132.5,48.705714285714286,Dec-2018
816,British Columbia,Victoria,48.4283,-123.3647,CA-BC,130.1,51.51416666666666,Jan-2019
817,British Columbia,Victoria,47.7675,-53.2411,CA-BC,130.1,51.51416666666666,Jan-2019
818,British Columbia,Victoria,49.6644,-98.9153,CA-BC,130.1,51.51416666666666,Jan-2019
819,British Columbia,Victoria,48.4283,-123.3647,CA-BC,126.7,55.10619047619048,Feb-2019
820,British Columbia,Victoria,47.7675,-53.2411,CA-BC,126.7,55.10619047619048,Feb-2019
821,British Columbia,Victoria,49.6644,-98.9153,CA-BC,126.7,55.10619047619048,Feb-2019
822,British Columbia,Victoria,48.4283,-123.3647,CA-BC,137.6,58.16809523809523,Mar-2019
823,British Columbia,Victoria,47.7675,-53.2411,CA-BC,137.6,58.16809523809523,Mar-2019
824,British Columbia,Victoria,49.6644,-98.9153,CA-BC,137.6,58.16809523809523,Mar-2019
825,British Columbia,Victoria,48.4283,-123.3647,CA-BC,157.5,63.87095238095238,Apr-2019
826,British Columbia,Victoria,47.7675,-53.2411,CA-BC,157.5,63.87095238095238,Apr-2019
827,British Columbia,Victoria,49.6644,-98.9153,CA-BC,157.5,63.87095238095238,Apr-2019
828,British Columbia,Victoria,48.4283,-123.3647,CA-BC,161.3,60.70708333333334,May-2019
829,British Columbia,Victoria,47.7675,-53.2411,CA-BC,161.3,60.70708333333334,May-2019
830,British Columbia,Victoria,49.6644,-98.9153,CA-BC,161.3,60.70708333333334,May-2019
831,British Columbia,Victoria,48.4283,-123.3647,CA-BC,146.5,54.706500000000005,Jun-2019
832,British Columbia,Victoria,47.7675,-53.2411,CA-BC,146.5,54.706500000000005,Jun-2019
833,British Columbia,Victoria,49.6644,-98.9153,CA-BC,146.5,54.706500000000005,Jun-2019
834,British Columbia,Victoria,48.4283,-123.3647,CA-BC,142.2,57.51391304347826,Jul-2019
835,British Columbia,Victoria,47.7675,-53.2411,CA-BC,142.2,57.51391304347826,Jul-2019
836,British Columbia,Victoria,49.6644,-98.9153,CA-BC,142.2,57.51391304347826,Jul-2019
837,British Columbia,Victoria,48.4283,-123.3647,CA-BC,136.1,54.84409090909091,Aug-2019
838,British Columbia,Victoria,47.7675,-53.2411,CA-BC,136.1,54.84409090909091,Aug-2019
839,British Columbia,Victoria,49.6644,-98.9153,CA-BC,136.1,54.84409090909091,Aug-2019
840,British Columbia,Victoria,48.4283,-123.3647,CA-BC,141.9,56.76363636363636,Sep-2019
841,British Columbia,Victoria,47.7675,-53.2411,CA-BC,141.9,56.76363636363636,Sep-2019
842,British Columbia,Victoria,49.6644,-98.9153,CA-BC,141.9,56.76363636363636,Sep-2019
843,British Columbia,Victoria,48.4283,-123.3647,CA-BC,150.7,54.00565217391305,Oct-2019
844,British Columbia,Victoria,47.7675,-53.2411,CA-BC,150.7,54.00565217391305,Oct-2019
845,British Columbia,Victoria,49.6644,-98.9153,CA-BC,150.7,54.00565217391305,Oct-2019
846,British Columbia,Victoria,48.4283,-123.3647,CA-BC,138.9,57.118095238095236,Nov-2019
847,British Columbia,Victoria,47.7675,-53.2411,CA-BC,138.9,57.118095238095236,Nov-2019
848,British Columbia,Victoria,49.6644,-98.9153,CA-BC,138.9,57.118095238095236,Nov-2019
849,British Columbia,Victoria,48.4283,-123.3647,CA-BC,132.4,59.86772727272727,Dec-2019
850,British Columbia,Victoria,47.7675,-53.2411,CA-BC,132.4,59.86772727272727,Dec-2019
851,British Columbia,Victoria,49.6644,-98.9153,CA-BC,132.4,59.86772727272727,Dec-2019
852,British Columbia,Victoria,48.4283,-123.3647,CA-BC,139.7,57.809583333333336,Jan-2020
853,British Columbia,Victoria,47.7675,-53.2411,CA-BC,139.7,57.809583333333336,Jan-2020
854,British Columbia,Victoria,49.6644,-98.9153,CA-BC,139.7,57.809583333333336,Jan-2020
855,British Columbia,Victoria,48.4283,-123.3647,CA-BC,143.2,50.70761904761904,Feb-2020
856,British Columbia,Victoria,47.7675,-53.2411,CA-BC,143.2,50.70761904761904,Feb-2020
857,British Columbia,Victoria,49.6644,-98.9153,CA-BC,143.2,50.70761904761904,Feb-2020
858,British Columbia,Victoria,48.4283,-123.3647,CA-BC,126.3,30.44545454545454,Mar-2020
859,British Columbia,Victoria,47.7675,-53.2411,CA-BC,126.3,30.44545454545454,Mar-2020
860,British Columbia,Victoria,49.6644,-98.9153,CA-BC,126.3,30.44545454545454,Mar-2020
861,British Columbia,Victoria,48.4283,-123.3647,CA-BC,99.4,16.69904761904762,Apr-2020
862,British Columbia,Victoria,47.7675,-53.2411,CA-BC,99.4,16.69904761904762,Apr-2020
863,British Columbia,Victoria,49.6644,-98.9153,CA-BC,99.4,16.69904761904762,Apr-2020
864,British Columbia,Victoria,48.4283,-123.3647,CA-BC,107.9,28.97136363636364,May-2020
865,British Columbia,Victoria,47.7675,-53.2411,CA-BC,107.9,28.97136363636364,May-2020
866,British Columbia,Victoria,49.6644,-98.9153,CA-BC,107.9,28.97136363636364,May-2020
867,British Columbia,Victoria,48.4283,-123.3647,CA-BC,123.2,38.31363636363636,Jun-2020
868,British Columbia,Victoria,47.7675,-53.2411,CA-BC,123.2,38.31363636363636,Jun-2020
869,British Columbia,Victoria,49.6644,-98.9153,CA-BC,123.2,38.31363636363636,Jun-2020
870,British Columbia,Victoria,48.4283,-123.3647,CA-BC,129.8,40.74478260869565,Jul-2020
871,British Columbia,Victoria,47.7675,-53.2411,CA-BC,129.8,40.74478260869565,Jul-2020
872,British Columbia,Victoria,49.6644,-98.9153,CA-BC,129.8,40.74478260869565,Jul-2020
873,British Columbia,Victoria,48.4283,-123.3647,CA-BC,127.9,42.38809523809524,Aug-2020
874,British Columbia,Victoria,47.7675,-53.2411,CA-BC,127.9,42.38809523809524,Aug-2020
875,British Columbia,Victoria,49.6644,-98.9153,CA-BC,127.9,42.38809523809524,Aug-2020
876,British Columbia,Victoria,48.4283,-123.3647,CA-BC,125.0,39.56913043478261,Sep-2020
877,British Columbia,Victoria,47.7675,-53.2411,CA-BC,125.0,39.56913043478261,Sep-2020
878,British Columbia,Victoria,49.6644,-98.9153,CA-BC,125.0,39.56913043478261,Sep-2020
879,British Columbia,Victoria,48.4283,-123.3647,CA-BC,121.6,39.554545454545455,Oct-2020
880,British Columbia,Victoria,47.7675,-53.2411,CA-BC,121.6,39.554545454545455,Oct-2020
881,British Columbia,Victoria,49.6644,-98.9153,CA-BC,121.6,39.554545454545455,Oct-2020
882,British Columbia,Victoria,48.4283,-123.3647,CA-BC,119.9,41.51952380952381,Nov-2020
883,British Columbia,Victoria,47.7675,-53.2411,CA-BC,119.9,41.51952380952381,Nov-2020
884,British Columbia,Victoria,49.6644,-98.9153,CA-BC,119.9,41.51952380952381,Nov-2020
885,British Columbia,Victoria,48.4283,-123.3647,CA-BC,120.3,47.06818181818182,Dec-2020
886,British Columbia,Victoria,47.7675,-53.2411,CA-BC,120.3,47.06818181818182,Dec-2020
887,British Columbia,Victoria,49.6644,-98.9153,CA-BC,120.3,47.06818181818182,Dec-2020
888,British Columbia,Victoria,48.4283,-123.3647,CA-BC,128.0,52.11904761904762,Jan-2021
889,British Columbia,Victoria,47.7675,-53.2411,CA-BC,128.0,52.11904761904762,Jan-2021
890,British Columbia,Victoria,49.6644,-98.9153,CA-BC,128.0,52.11904761904762,Jan-2021
891,British Columbia,Victoria,48.4283,-123.3647,CA-BC,137.6,59.17238095238095,Feb-2021
892,British Columbia,Victoria,47.7675,-53.2411,CA-BC,137.6,59.17238095238095,Feb-2021
893,British Columbia,Victoria,49.6644,-98.9153,CA-BC,137.6,59.17238095238095,Feb-2021
894,British Columbia,Victoria,48.4283,-123.3647,CA-BC,148.1,62.35739130434783,Mar-2021
895,British Columbia,Victoria,47.7675,-53.2411,CA-BC,148.1,62.35739130434783,Mar-2021
896,British Columbia,Victoria,49.6644,-98.9153,CA-BC,148.1,62.35739130434783,Mar-2021
897,British Columbia,Victoria,48.4283,-123.3647,CA-BC,148.3,61.703809523809525,Apr-2021
898,British Columbia,Victoria,47.7675,-53.2411,CA-BC,148.3,61.703809523809525,Apr-2021
899,British Columbia,Victoria,49.6644,-98.9153,CA-BC,148.3,61.703809523809525,Apr-2021
900,British Columbia,Victoria,48.4283,-123.3647,CA-BC,154.3,65.30409090909092,May-2021
901,British Columbia,Victoria,47.7675,-53.2411,CA-BC,154.3,65.30409090909092,May-2021
902,British Columbia,Victoria,49.6644,-98.9153,CA-BC,154.3,65.30409090909092,May-2021
903,British Columbia,Victoria,48.4283,-123.3647,CA-BC,155.2,71.35272727272728,Jun-2021
904,British Columbia,Victoria,47.7675,-53.2411,CA-BC,155.2,71.35272727272728,Jun-2021
905,British Columbia,Victoria,49.6644,-98.9153,CA-BC,155.2,71.35272727272728,Jun-2021
906,British Columbia,Victoria,48.4283,-123.3647,CA-BC,167.2,72.71434782608696,Jul-2021
907,British Columbia,Victoria,47.7675,-53.2411,CA-BC,167.2,72.71434782608696,Jul-2021
908,British Columbia,Victoria,49.6644,-98.9153,CA-BC,167.2,72.71434782608696,Jul-2021
909,British Columbia,Victoria,48.4283,-123.3647,CA-BC,163.1,67.71136363636364,Aug-2021
910,British Columbia,Victoria,47.7675,-53.2411,CA-BC,163.1,67.71136363636364,Aug-2021
911,British Columbia,Victoria,49.6644,-98.9153,CA-BC,163.1,67.71136363636364,Aug-2021
912,British Columbia,Victoria,48.4283,-123.3647,CA-BC,156.3,71.30391304347826,Sep-2021
913,British Columbia,Victoria,47.7675,-53.2411,CA-BC,156.3,71.30391304347826,Sep-2021
914,British Columbia,Victoria,49.6644,-98.9153,CA-BC,156.3,71.30391304347826,Sep-2021
915,British Columbia,Victoria,48.4283,-123.3647,CA-BC,160.9,81.22285714285715,Oct-2021
916,British Columbia,Victoria,47.7675,-53.2411,CA-BC,160.9,81.22285714285715,Oct-2021
917,British Columbia,Victoria,49.6644,-98.9153,CA-BC,160.9,81.22285714285715,Oct-2021
918,British Columbia,Victoria,48.4283,-123.3647,CA-BC,158.2,78.59727272727274,Nov-2021
919,British Columbia,Victoria,47.7675,-53.2411,CA-BC,158.2,78.59727272727274,Nov-2021
920,British Columbia,Victoria,49.6644,-98.9153,CA-BC,158.2,78.59727272727274,Nov-2021
921,British Columbia,Victoria,48.4283,-123.3647,CA-BC,152.6,71.69,Dec-2021
922,British Columbia,Victoria,47.7675,-53.2411,CA-BC,152.6,71.69,Dec-2021
923,British Columbia,Victoria,49.6644,-98.9153,CA-BC,152.6,71.69,Dec-2021
924,British Columbia,Victoria,48.4283,-123.3647,CA-BC,164.6,83.05,Jan-2022
925,British Columbia,Victoria,47.7675,-53.2411,CA-BC,164.6,83.05,Jan-2022
926,British Columbia,Victoria,49.6644,-98.9153,CA-BC,164.6,83.05,Jan-2022
927,British Columbia,Victoria,48.4283,-123.3647,CA-BC,170.1,91.67714285714284,Feb-2022
928,British Columbia,Victoria,47.7675,-53.2411,CA-BC,170.1,91.67714285714284,Feb-2022
929,British Columbia,Victoria,49.6644,-98.9153,CA-BC,170.1,91.67714285714284,Feb-2022
930,British Columbia,Victoria,48.4283,-123.3647,CA-BC,196.6,108.26217391304348,Mar-2022
931,British Columbia,Victoria,47.7675,-53.2411,CA-BC,196.6,108.26217391304348,Mar-2022
932,British Columbia,Victoria,49.6644,-98.9153,CA-BC,196.6,108.26217391304348,Mar-2022
933,British Columbia,Victoria,48.4283,-123.3647,CA-BC,194.1,101.6405,Apr-2022
934,British Columbia,Victoria,47.7675,-53.2411,CA-BC,194.1,101.6405,Apr-2022
935,British Columbia,Victoria,49.6644,-98.9153,CA-BC,194.1,101.6405,Apr-2022
936,British Columbia,Victoria,48.4283,-123.3647,CA-BC,217.4,109.89869565217391,May-2022
937,British Columbia,Victoria,47.7675,-53.2411,CA-BC,217.4,109.89869565217391,May-2022
938,British Columbia,Victoria,49.6644,-98.9153,CA-BC,217.4,109.89869565217391,May-2022
939,British Columbia,Victoria,48.4283,-123.3647,CA-BC,225.2,113.86521739130436,Jun-2022
940,British Columbia,Victoria,47.7675,-53.2411,CA-BC,225.2,113.86521739130436,Jun-2022
941,British Columbia,Victoria,49.6644,-98.9153,CA-BC,225.2,113.86521739130436,Jun-2022
942,British Columbia,Victoria,48.4283,-123.3647,CA-BC,203.0,100.28545454545456,Jul-2022
943,British Columbia,Victoria,47.7675,-53.2411,CA-BC,203.0,100.28545454545456,Jul-2022
944,British Columbia,Victoria,49.6644,-98.9153,CA-BC,203.0,100.28545454545456,Jul-2022
945,British Columbia,Victoria,48.4283,-123.3647,CA-BC,189.0,91.48260869565217,Aug-2022
946,British Columbia,Victoria,47.7675,-53.2411,CA-BC,189.0,91.48260869565217,Aug-2022
947,British Columbia,Victoria,49.6644,-98.9153,CA-BC,189.0,91.48260869565217,Aug-2022
948,British Columbia,Victoria,48.4283,-123.3647,CA-BC,196.5,84.2195652173913,Sep-2022
949,British Columbia,Victoria,47.7675,-53.2411,CA-BC,196.5,84.2195652173913,Sep-2022
950,British Columbia,Victoria,49.6644,-98.9153,CA-BC,196.5,84.2195652173913,Sep-2022
951,British Columbia,Victoria,48.4283,-123.3647,CA-BC,211.6,87.03095238095237,Oct-2022
952,British Columbia,Victoria,47.7675,-53.2411,CA-BC,211.6,87.03095238095237,Oct-2022
953,British Columbia,Victoria,49.6644,-98.9153,CA-BC,211.6,87.03095238095237,Oct-2022
954,British Columbia,Victoria,48.4283,-123.3647,CA-BC,185.7,84.09363636363636,Nov-2022
955,British Columbia,Victoria,47.7675,-53.2411,CA-BC,185.7,84.09363636363636,Nov-2022
956,British Columbia,Victoria,49.6644,-98.9153,CA-BC,185.7,84.09363636363636,Nov-2022
957,British Columbia,Victoria,48.4283,-123.3647,CA-BC,160.4,76.91083333333333,Dec-2022
958,British Columbia,Victoria,47.7675,-53.2411,CA-BC,160.4,76.91083333333333,Dec-2022
959,British Columbia,Victoria,49.6644,-98.9153,CA-BC,160.4,76.91083333333333,Dec-2022
960,Yukon,Whitehorse,60.7029,-135.0691,CA-YT,121.4,63.58708333333333,Jan-2018
961,Yukon,Whitehorse,60.7029,-135.0691,CA-YT,121.4,62.17095238095238,Feb-2018
962,Yukon,Whitehorse,60.7029,-135.0691,CA-YT,121.4,62.77190476190477,Mar-2018
963,Yukon,Whitehorse,60.7029,-135.0691,CA-YT,130.9,66.32523809523809,Apr-2018
964,Yukon,Whitehorse,60.7029,-135.0691,CA-YT,142.4,69.75166666666667,May-2018
965,Yukon,Whitehorse,60.7029,-135.0691,CA-YT,144.9,67.32285714285715,Jun-2018
966,Yukon,Whitehorse,60.7029,-135.0691,CA-YT,144.9,70.74318181818181,Jul-2018
967,Yukon,Whitehorse,60.7029,-135.0691,CA-YT,144.9,67.84521739130435,Aug-2018
968,Yukon,Whitehorse,60.7029,-135.0691,CA-YT,144.1,70.07857142857144,Sep-2018
969,Yukon,Whitehorse,60.7029,-135.0691,CA-YT,144.7,70.75782608695653,Oct-2018
970,Yukon,Whitehorse,60.7029,-135.0691,CA-YT,140.4,56.57181818181818,Nov-2018
971,Yukon,Whitehorse,60.7029,-135.0691,CA-YT,124.9,48.705714285714286,Dec-2018
972,Yukon,Whitehorse,60.7029,-135.0691,CA-YT,124.9,51.51416666666666,Jan-2019
973,Yukon,Whitehorse,60.7029,-135.0691,CA-YT,124.9,55.10619047619048,Feb-2019
974,Yukon,Whitehorse,60.7029,-135.0691,CA-YT,129.8,58.16809523809523,Mar-2019
975,Yukon,Whitehorse,60.7029,-135.0691,CA-YT,137.9,63.87095238095238,Apr-2019
976,Yukon,Whitehorse,60.7029,-135.0691,CA-YT,137.7,60.70708333333334,May-2019
977,Yukon,Whitehorse,60.7029,-135.0691,CA-YT,137.7,54.706500000000005,Jun-2019
978,Yukon,Whitehorse,60.7029,-135.0691,CA-YT,142.4,57.51391304347826,Jul-2019
979,Yukon,Whitehorse,60.7029,-135.0691,CA-YT,142.9,54.84409090909091,Aug-2019
980,Yukon,Whitehorse,60.7029,-135.0691,CA-YT,142.8,56.76363636363636,Sep-2019
981,Yukon,Whitehorse,60.7029,-135.0691,CA-YT,142.9,54.00565217391305,Oct-2019
982,Yukon,Whitehorse,60.7029,-135.0691,CA-YT,142.9,57.118095238095236,Nov-2019
983,Yukon,Whitehorse,60.7029,-135.0691,CA-YT,142.7,59.86772727272727,Dec-2019
984,Yukon,Whitehorse,60.7029,-135.0691,CA-YT,142.9,57.809583333333336,Jan-2020
985,Yukon,Whitehorse,60.7029,-135.0691,CA-YT,142.5,50.70761904761904,Feb-2020
986,Yukon,Whitehorse,60.7029,-135.0691,CA-YT,125.5,30.44545454545454,Mar-2020
987,Yukon,Whitehorse,60.7029,-135.0691,CA-YT,100.9,16.69904761904762,Apr-2020
988,Yukon,Whitehorse,60.7029,-135.0691,CA-YT,103.0,28.97136363636364,May-2020
989,Yukon,Whitehorse,60.7029,-135.0691,CA-YT,115.3,38.31363636363636,Jun-2020
990,Yukon,Whitehorse,60.7029,-135.0691,CA-YT,119.9,40.74478260869565,Jul-2020
991,Yukon,Whitehorse,60.7029,-135.0691,CA-YT,119.9,42.38809523809524,Aug-2020
992,Yukon,Whitehorse,60.7029,-135.0691,CA-YT,119.8,39.56913043478261,Sep-2020
993,Yukon,Whitehorse,60.7029,-135.0691,CA-YT,119.9,39.554545454545455,Oct-2020
994,Yukon,Whitehorse,60.7029,-135.0691,CA-YT,119.9,41.51952380952381,Nov-2020
995,Yukon,Whitehorse,60.7029,-135.0691,CA-YT,119.9,47.06818181818182,Dec-2020
996,Yukon,Whitehorse,60.7029,-135.0691,CA-YT,124.1,52.11904761904762,Jan-2021
997,Yukon,Whitehorse,60.7029,-135.0691,CA-YT,127.1,59.17238095238095,Feb-2021
998,Yukon,Whitehorse,60.7029,-135.0691,CA-YT,132.8,62.35739130434783,Mar-2021
999,Yukon,Whitehorse,60.7029,-135.0691,CA-YT,139.8,61.703809523809525,Apr-2021
1000,Yukon,Whitehorse,60.7029,-135.0691,CA-YT,141.6,65.30409090909092,May-2021
1001,Yukon,Whitehorse,60.7029,-135.0691,CA-YT,144.9,71.35272727272728,Jun-2021
1002,Yukon,Whitehorse,60.7029,-135.0691,CA-YT,148.9,72.71434782608696,Jul-2021
1003,Yukon,Whitehorse,60.7029,-135.0691,CA-YT,154.6,67.71136363636364,Aug-2021
1004,Yukon,Whitehorse,60.7029,-135.0691,CA-YT,155.8,71.30391304347826,Sep-2021
1005,Yukon,Whitehorse,60.7029,-135.0691,CA-YT,155.9,81.22285714285715,Oct-2021
1006,Yukon,Whitehorse,60.7029,-135.0691,CA-YT,155.9,78.59727272727274,Nov-2021
1007,Yukon,Whitehorse,60.7029,-135.0691,CA-YT,155.9,71.69,Dec-2021
1008,Yukon,Whitehorse,60.7029,-135.0691,CA-YT,157.2,83.05,Jan-2022
1009,Yukon,Whitehorse,60.7029,-135.0691,CA-YT,164.5,91.67714285714284,Feb-2022
1010,Yukon,Whitehorse,60.7029,-135.0691,CA-YT,177.0,108.26217391304348,Mar-2022
1011,Yukon,Whitehorse,60.7029,-135.0691,CA-YT,182.8,101.6405,Apr-2022
1012,Yukon,Whitehorse,60.7029,-135.0691,CA-YT,202.2,109.89869565217391,May-2022
1013,Yukon,Whitehorse,60.7029,-135.0691,CA-YT,217.1,113.86521739130436,Jun-2022
1014,Yukon,Whitehorse,60.7029,-135.0691,CA-YT,208.5,100.28545454545456,Jul-2022
1015,Yukon,Whitehorse,60.7029,-135.0691,CA-YT,186.6,91.48260869565217,Aug-2022
1016,Yukon,Whitehorse,60.7029,-135.0691,CA-YT,186.2,84.2195652173913,Sep-2022
1017,Yukon,Whitehorse,60.7029,-135.0691,CA-YT,199.9,87.03095238095237,Oct-2022
1018,Yukon,Whitehorse,60.7029,-135.0691,CA-YT,186.3,84.09363636363636,Nov-2022
1019,Yukon,Whitehorse,60.7029,-135.0691,CA-YT,174.5,76.91083333333333,Dec-2022
1020,Northwest Territories,Yellowknife,62.4709,-114.4053,CA-NT,123.1,63.58708333333333,Jan-2018
1021,Northwest Territories,Yellowknife,62.4709,-114.4053,CA-NT,122.9,62.17095238095238,Feb-2018
1022,Northwest Territories,Yellowknife,62.4709,-114.4053,CA-NT,122.9,62.77190476190477,Mar-2018
1023,Northwest Territories,Yellowknife,62.4709,-114.4053,CA-NT,128.9,66.32523809523809,Apr-2018
1024,Northwest Territories,Yellowknife,62.4709,-114.4053,CA-NT,137.2,69.75166666666667,May-2018
1025,Northwest Territories,Yellowknife,62.4709,-114.4053,CA-NT,141.7,67.32285714285715,Jun-2018
1026,Northwest Territories,Yellowknife,62.4709,-114.4053,CA-NT,144.4,70.74318181818181,Jul-2018
1027,Northwest Territories,Yellowknife,62.4709,-114.4053,CA-NT,145.6,67.84521739130435,Aug-2018
1028,Northwest Territories,Yellowknife,62.4709,-114.4053,CA-NT,146.4,70.07857142857144,Sep-2018
1029,Northwest Territories,Yellowknife,62.4709,-114.4053,CA-NT,146.0,70.75782608695653,Oct-2018
1030,Northwest Territories,Yellowknife,62.4709,-114.4053,CA-NT,140.4,56.57181818181818,Nov-2018
1031,Northwest Territories,Yellowknife,62.4709,-114.4053,CA-NT,128.8,48.705714285714286,Dec-2018
1032,Northwest Territories,Yellowknife,62.4709,-114.4053,CA-NT,119.7,51.51416666666666,Jan-2019
1033,Northwest Territories,Yellowknife,62.4709,-114.4053,CA-NT,120.3,55.10619047619048,Feb-2019
1034,Northwest Territories,Yellowknife,62.4709,-114.4053,CA-NT,125.6,58.16809523809523,Mar-2019
1035,Northwest Territories,Yellowknife,62.4709,-114.4053,CA-NT,134.5,63.87095238095238,Apr-2019
1036,Northwest Territories,Yellowknife,62.4709,-114.4053,CA-NT,142.7,60.70708333333334,May-2019
1037,Northwest Territories,Yellowknife,62.4709,-114.4053,CA-NT,138.5,54.706500000000005,Jun-2019
1038,Northwest Territories,Yellowknife,62.4709,-114.4053,CA-NT,134.4,57.51391304347826,Jul-2019
1039,Northwest Territories,Yellowknife,62.4709,-114.4053,CA-NT,131.6,54.84409090909091,Aug-2019
1040,Northwest Territories,Yellowknife,62.4709,-114.4053,CA-NT,133.5,56.76363636363636,Sep-2019
1041,Northwest Territories,Yellowknife,62.4709,-114.4053,CA-NT,133.4,54.00565217391305,Oct-2019
1042,Northwest Territories,Yellowknife,62.4709,-114.4053,CA-NT,132.1,57.118095238095236,Nov-2019
1043,Northwest Territories,Yellowknife,62.4709,-114.4053,CA-NT,131.7,59.86772727272727,Dec-2019
1044,Northwest Territories,Yellowknife,62.4709,-114.4053,CA-NT,129.7,57.809583333333336,Jan-2020
1045,Northwest Territories,Yellowknife,62.4709,-114.4053,CA-NT,127.6,50.70761904761904,Feb-2020
1046,Northwest Territories,Yellowknife,62.4709,-114.4053,CA-NT,112.4,30.44545454545454,Mar-2020
1047,Northwest Territories,Yellowknife,62.4709,-114.4053,CA-NT,94.7,16.69904761904762,Apr-2020
1048,Northwest Territories,Yellowknife,62.4709,-114.4053,CA-NT,96.7,28.97136363636364,May-2020
1049,Northwest Territories,Yellowknife,62.4709,-114.4053,CA-NT,109.5,38.31363636363636,Jun-2020
1050,Northwest Territories,Yellowknife,62.4709,-114.4053,CA-NT,115.0,40.74478260869565,Jul-2020
1051,Northwest Territories,Yellowknife,62.4709,-114.4053,CA-NT,116.5,42.38809523809524,Aug-2020
1052,Northwest Territories,Yellowknife,62.4709,-114.4053,CA-NT,117.2,39.56913043478261,Sep-2020
1053,Northwest Territories,Yellowknife,62.4709,-114.4053,CA-NT,120.0,39.554545454545455,Oct-2020
1054,Northwest Territories,Yellowknife,62.4709,-114.4053,CA-NT,118.9,41.51952380952381,Nov-2020
1055,Northwest Territories,Yellowknife,62.4709,-114.4053,CA-NT,118.9,47.06818181818182,Dec-2020
1056,Northwest Territories,Yellowknife,62.4709,-114.4053,CA-NT,121.4,52.11904761904762,Jan-2021
1057,Northwest Territories,Yellowknife,62.4709,-114.4053,CA-NT,124.3,59.17238095238095,Feb-2021
1058,Northwest Territories,Yellowknife,62.4709,-114.4053,CA-NT,130.4,62.35739130434783,Mar-2021
1059,Northwest Territories,Yellowknife,62.4709,-114.4053,CA-NT,135.7,61.703809523809525,Apr-2021
1060,Northwest Territories,Yellowknife,62.4709,-114.4053,CA-NT,140.9,65.30409090909092,May-2021
1061,Northwest Territories,Yellowknife,62.4709,-114.4053,CA-NT,143.1,71.35272727272728,Jun-2021
1062,Northwest Territories,Yellowknife,62.4709,-114.4053,CA-NT,147.6,72.71434782608696,Jul-2021
1063,Northwest Territories,Yellowknife,62.4709,-114.4053,CA-NT,149.8,67.71136363636364,Aug-2021
1064,Northwest Territories,Yellowknife,62.4709,-114.4053,CA-NT,149.9,71.30391304347826,Sep-2021
1065,Northwest Territories,Yellowknife,62.4709,-114.4053,CA-NT,150.6,81.22285714285715,Oct-2021
1066,Northwest Territories,Yellowknife,62.4709,-114.4053,CA-NT,152.8,78.59727272727274,Nov-2021
1067,Northwest Territories,Yellowknife,62.4709,-114.4053,CA-NT,151.5,71.69,Dec-2021
1068,Northwest Territories,Yellowknife,62.4709,-114.4053,CA-NT,151.5,83.05,Jan-2022
1069,Northwest Territories,Yellowknife,62.4709,-114.4053,CA-NT,158.1,91.67714285714284,Feb-2022
1070,Northwest Territories,Yellowknife,62.4709,-114.4053,CA-NT,175.6,108.26217391304348,Mar-2022
1071,Northwest Territories,Yellowknife,62.4709,-114.4053,CA-NT,174.4,101.6405,Apr-2022
1072,Northwest Territories,Yellowknife,62.4709,-114.4053,CA-NT,187.0,109.89869565217391,May-2022
1073,Northwest Territories,Yellowknife,62.4709,-114.4053,CA-NT,208.1,113.86521739130436,Jun-2022
1074,Northwest Territories,Yellowknife,62.4709,-114.4053,CA-NT,200.0,100.28545454545456,Jul-2022
1075,Northwest Territories,Yellowknife,62.4709,-114.4053,CA-NT,177.1,91.48260869565217,Aug-2022
1076,Northwest Territories,Yellowknife,62.4709,-114.4053,CA-NT,173.9,84.2195652173913,Sep-2022
1077,Northwest Territories,Yellowknife,62.4709,-114.4053,CA-NT,180.2,87.03095238095237,Oct-2022
1078,Northwest Territories,Yellowknife,62.4709,-114.4053,CA-NT,174.1,84.09363636363636,Nov-2022
1079,Northwest Territories,Yellowknife,62.4709,-114.4053,CA-NT,158.7,76.91083333333333,Dec-2022
